SCHOOL_CODE,SCHOOL_NAME,NETWORK
400153,ACERO - BRIGHTON PARK,Charter
400101,ACERO - CISNEROS,Charter
400120,ACERO - CLEMENTE,Charter
400081,ACERO - DE LAS CASAS,Charter
400082,ACERO - FUENTES,Charter
400085,ACERO - GARCIA HS,Charter
400112,ACERO - IDAR,Charter
400089,ACERO - MARQUEZ,Charter
400114,ACERO - SANTIAGO,Charter
400149,ACERO - SOTO HS,Charter
400084,ACERO - TAMAYO,Charter
400080,ACERO - TORRES,Charter
400079,ACERO - ZIZUMBO,Charter
400181,ART IN MOTION,Charter
400172,ASPIRA - BUSINESS & FINANCE HS,Charter
400013,ASPIRA - EARLY COLLEGE HS,Charter
400021,CATALYST - CIRCLE ROCK,Charter
400115,CATALYST - MARIA,Charter
400182,CATALYST MARIA HS,Charter
400161,CHICAGO COLLEGIATE,Charter
400035,CHICAGO MATH & SCIENCE HS,Charter
400159,CHRISTOPHER HOUSE,Charter
400023,CICS - AVALON/SOUTH SHORE,Charter
400024,CICS - BASIL,Charter
400092,CICS - BOND,Charter
400025,CICS - BUCKTOWN,Charter
400032,CICS - ELLISON HS,Charter
400027,CICS - IRVING PARK,Charter
400033,CICS - LONGWOOD,Charter
400026,CICS - LOOMIS,Charter
400034,CICS - NORTHTOWN HS,Charter
400028,CICS - PRAIRIE,Charter
400029,CICS - WASHINGTON PARK,Charter
400030,CICS - WEST BELDEN,Charter
400031,CICS - WRIGHTWOOD,Charter
400094,EPIC HS,Charter
400039,ERIE,Charter
400009,GLOBAL CITIZENSHIP,Charter
400168,GREAT LAKES,Charter
400167,HORIZON - SOUTHWEST,Charter
400104,INSTITUTO - HEALTH,Charter
400162,INTRINSIC HS,Charter
400146,KIPP - ACADEMY,Charter
400044,KIPP - ASCEND,Charter
400163,KIPP - BLOOM,Charter
400180,KIPP - ONE,Charter
400151,LEARN - 7,Charter
400046,LEARN - BUTLER,Charter
400047,LEARN - CAMPBELL,Charter
400048,LEARN - EXCEL,Charter
400165,LEARN - MIDDLE,Charter
400111,LEARN - PERKINS,Charter
400107,LEARN - SOUTH CHICAGO,Charter
400049,LEGACY,Charter
400119,LEGAL PREP HS,Charter
400011,LOCKE A,Charter
400116,MONTESSORI ENGLEWOOD,Charter
400178,MOVING EVEREST,Charter
400050,NAMASTE,Charter
400058,NLCP - CHRISTIANA HS,Charter
400059,NLCP - COLLINS HS,Charter
400170,NOBLE - ACADEMY HS,Charter
400157,NOBLE - BAKER HS,Charter
400097,NOBLE - BULLS HS,Charter
400156,NOBLE - BUTLER HS,Charter
400052,NOBLE - COMER,Charter
400118,NOBLE - DRW HS,Charter
400053,NOBLE - GOLDER HS,Charter
400117,NOBLE - HANSBERRY HS,Charter
400169,NOBLE - ITW SPEER HS,Charter
400106,NOBLE - JOHNSON HS,Charter
400179,NOBLE - MANSUETO HS,Charter
400098,NOBLE - MUCHIN HS,Charter
400051,NOBLE - NOBLE HS,Charter
400054,NOBLE - PRITZKER HS,Charter
400055,NOBLE - RAUNER HS,Charter
400056,NOBLE - ROWE CLARK HS,Charter
400057,NOBLE - UIC HS,Charter
400060,PASSAGES,Charter
400064,PERSPECTIVES - JOSLIN HS,Charter
400061,PERSPECTIVES - LEADERSHIP HS,Charter
400066,PERSPECTIVES - MATH & SCI HS,Charter
400062,PERSPECTIVES - TECH HS,Charter
400069,POLARIS,Charter
400071,PROVIDENCE ENGLEWOOD,Charter
400096,ROWE,Charter
400075,U OF C - DONOGHUE,Charter
400076,U OF C - NKO,Charter
400077,U OF C - WOODLAWN HS,Charter
400105,URBAN PREP - BRONZEVILLE HS,Charter
400086,URBAN PREP - ENGLEWOOD HS,Charter
400022,CHIARTS HS,Contract
400091,CHICAGO TECH HS,Contract
609779,ARMSTRONG G,ISP
609726,BROOKS HS,ISP
609817,BUDLONG,ISP
610539,CAMRAS,ISP
610024,CARDENAS,ISP
609842,CARSON,ISP
609849,CASSELL,ISP
610148,CHAVEZ,ISP
609753,CHICAGO AGRICULTURE HS,ISP
609795,CLARK ES,ISP
610244,CLARK HS,ISP
609859,CLINTON,ISP
610170,COLUMBIA EXPLORERS,ISP
609833,DAISY BATES,ISP
610521,DAVIS M,ISP
609909,EVERETT,ISP
610503,FRAZIER PROSPECTIVE,ISP
609863,GINSBURG,ISP
609972,HAUGAN,ISP
609996,HOLDEN,ISP
610015,JUNGMAN,ISP
609993,LARA,ISP
610520,LASALLE II,ISP
610291,LEE,ISP
609834,LITTLE VILLAGE,ISP
610312,MCDOWELL,ISP
610073,MITCHELL,ISP
610098,NOBEL,ISP
610111,PALMER,ISP
610120,PECK,ISP
610131,PLAMONDON,ISP
610390,RICKOVER MILITARY HS,ISP
610250,SALAZAR,ISP
610173,SHERWOOD,ISP
609990,SOUTH LOOP,ISP
610548,STEM,ISP
610504,THOMAS,ISP
610201,THORP O,ISP
610596,VIRTUAL ACADEMY ES,ISP
610597,VIRTUAL ACADEMY HS,ISP
610366,WACKER,ISP
610542,WEST RIDGE,ISP
610212,ALBANY PARK,Network 1
609792,BATEMAN,Network 1
610083,BEARD,Network 1
609796,BEAUBIEN,Network 1
609798,BELDING,Network 1
609810,BRIDGE,Network 1
609836,CANTY,Network 1
610599,CATALPA,Network 1
610248,CHICAGO ACADEMY ES,Network 1
609857,CLEVELAND,Network 1
609884,DEVER,Network 1
609874,DIRKSEN,Network 1
609899,EBINGER,Network 1
609901,EDGEBROOK,Network 1
609794,EDISON,Network 1
610523,EDISON PARK,Network 1
609912,FARNSWORTH,Network 1
609937,GARVY,Network 1
609949,GRAY,Network 1
609988,HENRY,Network 1
609994,HIBBARD,Network 1
609995,HITCH,Network 1
610089,MURPHY,Network 1
610354,NORTH RIVER,Network 1
610099,NORWOOD PARK,Network 1
610104,ONAHAN,Network 1
610105,ORIOLE PARK,Network 1
610127,PETERSON,Network 1
610135,PORTAGE PARK,Network 1
610137,PRUSSING,Network 1
610145,REINBERG,Network 1
610155,SAUGANASH,Network 1
610159,SCAMMON,Network 1
610179,SMYSER,Network 1
610182,SOLOMON,Network 1
610163,STOCK,Network 1
610209,VOLTA,Network 1
610230,WILDWOOD,Network 1
610287,ASHBURN,Network 10
610544,AZUELA,Network 10
609788,BARNARD,Network 10
610087,BLAIR,Network 10
609832,BYRNE,Network 10
609839,CARROLL,Network 10
610347,CLAREMONT,Network 10
609861,CLISSOLD,Network 10
609879,DAWES,Network 10
609893,DORE,Network 10
610352,DURKIN PARK,Network 10
609898,EBERHART,Network 10
609908,ESMOND,Network 10
610057,FAIRFIELD,Network 10
609956,GRIMES,Network 10
609960,HALE,Network 10
609807,HAMPTON,Network 10
609981,HEARST,Network 10
610006,HURLEY,Network 10
610084,KELLER,Network 10
610016,KELLOGG,Network 10
610026,KINZIE,Network 10
610053,MARQUETTE,Network 10
610067,MCKAY,Network 10
610077,MORRILL,Network 10
610082,MOUNT GREENWOOD,Network 10
610109,OWEN,Network 10
610588,RICHARDSON,Network 10
610185,STEVENSON,Network 10
610195,SUTHERLAND,Network 10
610396,TARKINGTON,Network 10
610206,TWAIN,Network 10
610207,VANDERPOEL,Network 10
609871,VICK,Network 10
609790,BARTON,Network 11
609791,BASS,Network 11
610238,BOND,Network 11
609864,COOK,Network 11
610003,CUFFE,Network 11
609897,EARLE,Network 11
610362,EVERS,Network 11
609924,FORT DEARBORN,Network 11
609927,FOSTER PARK,Network 11
610032,GREEN,Network 11
609955,GRESHAM,Network 11
609971,HARVARD,Network 11
610369,JACKSON M,Network 11
609805,JOPLIN,Network 11
610019,KERSHAW,Network 11
610299,KING ES,Network 11
610027,KIPLING,Network 11
609869,LANGFORD,Network 11
610298,LENART,Network 11
610290,MAYS,Network 11
609793,NICHOLSON,Network 11
610102,OGLESBY,Network 11
610108,OTOOLE,Network 11
610112,PARKER,Network 11
609941,RANDOLPH,Network 11
610153,RYDER,Network 11
610339,STAGG,Network 11
609895,TURNER-DREW,Network 11
610223,WENTWORTH,Network 11
610300,WESTCOTT,Network 11
610268,ASHE,Network 12
609786,AVALON PARK,Network 12
610350,BLACK,Network 12
609815,BOUCHET,Network 12
609806,BRADWELL,Network 12
609813,BROWNELL,Network 12
609827,BURNSIDE,Network 12
609862,COLES,Network 12
609883,DENEEN,Network 12
609887,DIXON,Network 12
610316,EARHART,Network 12
609939,GILLESPIE,Network 12
610002,HOYNE,Network 12
610047,MADISON,Network 12
610052,MANN,Network 12
610066,MCDADE,Network 12
610171,MIRELES,Network 12
610093,NEIL,Network 12
610193,NEW SULLIVAN,Network 12
609961,NINOS HEROES,Network 12
610103,OKEEFFE,Network 12
610115,PARK MANOR,Network 12
610116,PARKSIDE,Network 12
610130,PIRIE,Network 12
610281,POWELL,Network 12
610146,REVERE,Network 12
610152,RUGGLES,Network 12
610178,SCHMID,Network 12
610530,SOUTH SHORE ES,Network 12
610279,TANNER,Network 12
610200,THORP J,Network 12
610218,WARREN,Network 12
610124,WASHINGTON H ES,Network 12
609772,ADDAMS,Network 13
609848,ALDRIDGE,Network 13
609800,BENNETT,Network 13
609811,BRIGHT,Network 13
610091,BROWN R,Network 13
609821,BURNHAM,Network 13
609845,CARVER G,Network 13
609856,CLAY,Network 13
610199,COLEMON,Network 13
610004,CULLEN,Network 13
609900,CURTIS,Network 13
610364,DUBOIS,Network 13
610188,DUNNE,Network 13
609917,FERNWOOD,Network 13
609935,GALLISTEL,Network 13
610128,GARVEY,Network 13
609944,GRISSOM,Network 13
609808,HALEY,Network 13
610295,HIGGINS,Network 13
610368,HUGHES L,Network 13
610208,LAVIZZO,Network 13
610054,MARSH,Network 13
609902,METCALFE,Network 13
610086,MOUNT VERNON,Network 13
609943,OWENS,Network 13
610132,POE,Network 13
610139,PULLMAN,Network 13
610586,SADLOWSKI,Network 13
610176,SHOOP,Network 13
609978,SMITH,Network 13
610198,TAYLOR,Network 13
610219,WASHINGTON G ES,Network 13
610225,WHISTLER,Network 13
610315,WHITE,Network 13
609695,AMUNDSEN HS,Network 14
610340,CHICAGO ACADEMY HS,Network 14
610402,DEVRY HS,Network 14
610515,DISNEY II ES,Network 14
610564,DISNEY II HS,Network 14
609708,FOREMAN HS,Network 14
609769,GRAHAM HS,Network 14
609716,KELVYN PARK HS,Network 14
609719,LAKE VIEW HS,Network 14
609720,LANE TECH HS,Network 14
609738,LINCOLN PARK HS,Network 14
609780,MARINE LEADERSHIP AT AMES HS,Network 14
609724,MATHER HS,Network 14
609744,NORTHSIDE LEARNING HS,Network 14
609749,NORTHSIDE PREP HS,Network 14
609728,ROOSEVELT HS,Network 14
609729,SCHURZ HS,Network 14
609730,SENN HS,Network 14
609732,STEINMETZ HS,Network 14
609733,SULLIVAN HS,Network 14
609734,TAFT HS,Network 14
610394,UPLIFT HS,Network 14
609766,VAUGHN HS,Network 14
609737,VON STEUBEN HS,Network 14
610524,ALCOTT HS,Network 15
610518,AUSTIN CCA HS,Network 15
609759,CLEMENTE HS,Network 15
610499,COLLINS STEAM HS,Network 15
610561,CRANE MEDICAL HS,Network 15
609756,CURIE HS,Network 15
610245,DOUGLASS HS,Network 15
609694,HANCOCK HS,Network 15
610384,INFINITY HS,Network 15
609678,JONES HS,Network 15
609764,JUAREZ HS,Network 15
609722,MANLEY HS,Network 15
609723,MARSHALL HS,Network 15
610385,MULTICULTURAL ARTS HS,Network 15
609691,NORTH-GRAND HS,Network 15
610101,OGDEN ES,Network 15
610529,OGDEN HS,Network 15
610389,ORR HS,Network 15
609680,PAYTON HS,Network 15
610304,PHOENIX MILITARY HS,Network 15
609679,PROSSER HS,Network 15
610334,RABY HS,Network 15
610383,SOCIAL JUSTICE HS,Network 15
610543,SOLORIO HS,Network 15
609740,WELLS HS,Network 15
609693,WESTINGHOUSE HS,Network 15
610392,WORLD LANGUAGE HS,Network 15
609755,YOUNG HS,Network 15
610513,AIR FORCE HS,Network 16
610563,BACK OF THE YARDS HS,Network 16
609698,BOGAN HS,Network 16
610592,ENGLEWOOD STEM HS,Network 16
609704,FARRAGUT HS,Network 16
609709,GAGE PARK HS,Network 16
610558,GOODE HS,Network 16
609741,HUBBARD HS,Network 16
609762,JULIAN HS,Network 16
609715,KELLY HS,Network 16
609718,KENNEDY HS,Network 16
610391,LINDBLOM HS,Network 16
609725,MORGAN PARK HS,Network 16
609682,RICHARDS HS,Network 16
609745,SOUTHSIDE HS,Network 16
610184,SPRY ES,Network 16
610357,SPRY HS,Network 16
609735,TILDEN HS,Network 16
610323,BOWEN HS,Network 17
610381,BRONZEVILLE HS,Network 17
609760,CARVER MILITARY HS,Network 17
609754,CHICAGO MILITARY HS,Network 17
609674,CHICAGO VOCATIONAL HS,Network 17
609761,CORLISS HS,Network 17
609676,DUNBAR HS,Network 17
610587,DYETT ARTS HS,Network 17
609705,FENGER HS,Network 17
609710,HARLAN HS,Network 17
609712,HIRSCH HS,Network 17
609713,HYDE PARK HS,Network 17
609746,KENWOOD HS,Network 17
609751,KING HS,Network 17
609727,PHILLIPS HS,Network 17
609692,SIMEON HS,Network 17
610547,SOUTH SHORE INTL HS,Network 17
609739,WASHINGTON HS,Network 17
610380,WILLIAMS HS,Network 17
610242,BRENNEMANN,Network 2
609852,CHAPPELL,Network 2
609866,COONLEY,Network 2
610355,COURTENAY,Network 2
609880,DECATUR,Network 2
610363,DISNEY,Network 2
609918,FIELD,Network 2
609933,GALE,Network 2
609945,GOUDY,Network 2
609976,HAYT,Network 2
610011,JAMIESON,Network 2
609865,JORDAN,Network 2
610022,KILMER,Network 2
610269,MCCUTCHEON,Network 2
610070,MCPHERSON,Network 2
609804,MOSAIC,Network 2
610284,NEW FIELD,Network 2
610122,PEIRCE,Network 2
610141,RAVENSWOOD,Network 2
610147,ROGERS,Network 2
610191,STONE,Network 2
610196,SWIFT,Network 2
610220,WATERS,Network 2
609922,BELMONT-CRAGIN,Network 3
609830,BRUNSON,Network 3
609818,BURBANK,Network 3
610367,DEPRIEST,Network 3
609904,ELLINGTON,Network 3
609910,FALCONER,Network 3
610068,HANSON PARK,Network 3
609975,HAY,Network 3
610000,HOWE,Network 3
610305,LELAND,Network 3
610036,LEWIS,Network 3
610040,LLOYD,Network 3
610041,LOCKE J,Network 3
610043,LOVETT,Network 3
610046,LYON,Network 3
610282,MCNAIR,Network 3
610092,NASH,Network 3
610051,NORTHWEST,Network 3
610533,PRIETO,Network 3
610158,SAYRE,Network 3
610165,SCHUBERT,Network 3
610183,SPENCER,Network 3
610235,YOUNG ES,Network 3
609774,ALCOTT ES,Network 4
609782,AUDUBON,Network 4
610325,AVONDALE-LOGANDALE,Network 4
609789,BARRY,Network 4
609799,BELL,Network 4
609803,BLAINE,Network 4
609809,BRENTANO,Network 4
609820,BURLEY,Network 4
609853,CHASE,Network 4
609875,DARWIN,Network 4
610595,FISHER,Network 4
609926,FRANKLIN,Network 4
609930,FUNSTON,Network 4
609942,GOETHE,Network 4
609850,GREELEY,Network 4
609963,HAMILTON,Network 4
609974,HAWTHORNE,Network 4
610078,INTER-AMERICAN,Network 4
610010,JAHN,Network 4
610033,LASALLE,Network 4
610038,LINCOLN,Network 4
610074,LOGAN SQUARE,Network 4
610541,LORCA,Network 4
610048,MANIERRE,Network 4
610059,MAYER,Network 4
609968,MCAULIFFE,Network 4
610088,MOZART,Network 4
610094,NETTELHORST,Network 4
610095,NEWBERRY,Network 4
610097,NIXON,Network 4
610136,PRESCOTT,Network 4
610144,REILLY,Network 4
610534,SKINNER NORTH,Network 4
609773,TUBMAN,Network 4
610039,VON LINNE,Network 4
609797,BEIDLER,Network 5
609835,CAMERON,Network 5
610021,CASALS,Network 5
610251,CATHER,Network 5
609851,CHALMERS,Network 5
609854,CHOPIN,Network 5
609873,CROWN,Network 5
610313,DE DIEGO,Network 5
609907,ERICSON,Network 5
610055,FARADAY,Network 5
609954,GREGORY,Network 5
609985,HEFFERAN,Network 5
610271,JENSEN,Network 5
610274,JOHNSON,Network 5
609925,KELLMAN,Network 5
610034,LAWNDALE,Network 5
610044,LOWELL,Network 5
610293,MELODY,Network 5
610076,MOOS,Network 5
610257,MORTON,Network 5
610106,PICCOLO,Network 5
610192,STOWE,Network 5
610194,SUMNER,Network 5
610202,TILTON,Network 5
610133,WARD L,Network 5
610221,WEBSTER,Network 5
610100,WEST PARK,Network 5
610234,YATES,Network 5
609777,ARMOUR,Network 6
609812,BROWN W,Network 6
609828,BURR,Network 6
610060,CHICAGO WORLD LANGUAGE ACADEMY,Network 6
610252,DETT,Network 6
609896,DRUMMOND,Network 6
610009,GALILEO,Network 6
609947,GRAHAM ES,Network 6
609959,HAINES,Network 6
609979,HEALY,Network 6
610121,IRVING,Network 6
610029,LOZANO,Network 6
610062,MIÑOSO,Network 6
610231,NATIONAL TEACHERS,Network 6
610107,OTIS,Network 6
610229,PRITZKER,Network 6
610138,PULASKI,Network 6
610308,RUDOLPH,Network 6
610342,SABIN,Network 6
610081,SHERIDAN,Network 6
610177,SKINNER,Network 6
610180,SMYTH,Network 6
610405,SUDER,Network 6
610197,TALCOTT,Network 6
610217,WARD J,Network 6
609867,COOPER,Network 7
609870,CORKERY,Network 7
610254,DVORAK,Network 7
609967,FINKL,Network 7
609938,GARY,Network 7
609966,HAMMOND,Network 7
609991,HERZL,Network 7
610005,HUGHES C,Network 7
609920,KANOON,Network 7
610215,MADERO,Network 7
610056,MASON,Network 7
610063,MCCORMICK,Network 7
610329,OROZCO,Network 7
609950,ORTIZ DE DOMINGUEZ,Network 7
610123,PENN,Network 7
609872,PEREZ,Network 7
610129,PICKARD,Network 7
610013,PILSEN,Network 7
610125,RUIZ,Network 7
610017,SAUCEDO,Network 7
609921,TELPOCHCALLI,Network 7
610216,WALSH,Network 7
610227,WHITNEY,Network 7
610228,WHITTIER,Network 7
609973,ZAPATA,Network 7
610317,BRIGHTON PARK,Network 8
609829,BURROUGHS,Network 8
610353,CALMECA,Network 8
609855,CHRISTOPHER,Network 8
610239,DALEY,Network 8
609876,DAVIS N,Network 8
609885,DEWEY,Network 8
609903,EDWARDS,Network 8
610319,EVERGREEN,Network 8
609929,FULTON,Network 8
609952,GREENE,Network 8
609958,GUNSAULUS,Network 8
609964,HAMLINE,Network 8
609983,HEDGES,Network 8
609986,HENDERSON,Network 8
610532,HERNANDEZ,Network 8
609997,HOLMES,Network 8
610037,LIBBY,Network 8
610203,MONARCAS,Network 8
610096,NIGHTINGALE,Network 8
610117,PASTEUR,Network 8
610226,SANDOVAL,Network 8
610157,SAWYER,Network 8
610167,SEWARD,Network 8
610172,SHERMAN,Network 8
610174,SHIELDS,Network 8
610559,SHIELDS MIDDLE,Network 8
610589,SOR JUANA,Network 8
610249,TALMAN,Network 8
609951,ARIEL,Network 9
610246,BEASLEY,Network 9
610237,BEETHOVEN,Network 9
610590,BRONZEVILLE CLASSICAL,Network 9
609819,BURKE,Network 9
609837,CARNEGIE,Network 9
609844,CARTER,Network 9
609891,DOOLITTLE,Network 9
609894,DRAKE,Network 9
610263,DULLES,Network 9
609928,FARMER,Network 9
609919,FISKE,Network 9
609969,HARTE,Network 9
609987,HENDRICKS,Network 9
610030,KOZMINSKI,Network 9
610276,MOLLISON,Network 9
610090,MURRAY,Network 9
610126,PERSHING,Network 9
610142,RAY,Network 9
610143,REAVIS,Network 9
610256,ROBINSON,Network 9
610175,SHOESMITH,Network 9
610065,TILL,Network 9
610213,WADSWORTH,Network 9
610110,WELLS ES,Network 9
609977,WOODLAWN,Network 9
610345,WOODSON,Network 9
910496,0482 VIRTUAL HR EVE,No Network
310496,0482 VIRTUAL HR SUM,No Network
850117,4 EVER YOUNG,No Network
800088,AAA ACADEMY,No Network
800090,AAA ACADEMY II,No Network
800089,AAA ACADEMY INTENSIVE,No Network
800300,ACACIA - BURR RIDGE,No Network
800037,ACACIA ACADEMY - INTENSIVE ES,No Network
800038,ACACIA ACADEMY - INTENSIVE HS,No Network
800035,ACACIA ACADEMY ES,No Network
800036,ACACIA ACADEMY HS,No Network
850014,ADA S MCKINLEY COMM SRVCS,No Network
909772,ADDAMS EVE,No Network
309772,ADDAMS SUM,No Network
910513,AIR FORCE HS EVE,No Network
310513,AIR FORCE HS SUM,No Network
850018,ALBANY PARK COMM CTR - KIMBALL,No Network
910212,ALBANY PARK EVE,No Network
310212,ALBANY PARK SUM,No Network
909774,ALCOTT ES EVE,No Network
309774,ALCOTT ES SUM,No Network
910524,ALCOTT HS EVE,No Network
310524,ALCOTT HS SUM,No Network
909848,ALDRIDGE EVE,No Network
309848,ALDRIDGE SUM,No Network
850019,ALL STAR KIDS ACADEMY,No Network
800156,ALLENDALE RES SCHOOL PROG - INT ES,No Network
800157,ALLENDALE RES SCHOOL PROG - INT HS,No Network
800154,ALLENDALE RESIDENTIAL SCHL PROG ES,No Network
800155,ALLENDALE RESIDENTIAL SCHL PROG HS,No Network
850021,ALLISONS INFANT AND TODDER CENTER,No Network
850022,ALLISONS INFANT AND TODDLER - 71ST,No Network
850020,ALLISONS INFANT AND TODDLER - NORTH CAMPUS,No Network
909695,AMUNDSEN HS EVE,No Network
309695,AMUNDSEN HS SUM,No Network
800244,ANDREW HS,No Network
850039,ARCDOCESE CHICAGO ARTS OF LVNG,No Network
850145,ARCHDIOCS CHICAGO - ST ETHELREDA,No Network
909951,ARIEL EVE,No Network
309951,ARIEL SUM,No Network
800117,ARLYN DAY SCHOOL - EXTENDED ES,No Network
800118,ARLYN DAY SCHOOL - EXTENDED HS,No Network
800115,ARLYN DAY SCHOOL ES,No Network
800116,ARLYN DAY SCHOOL HS,No Network
800119,ARLYN TRANSITION PROGRAM,No Network
800120,ARLYN TRANSITION PROGRAM-INTENSIVE,No Network
909777,ARMOUR EVE,No Network
309777,ARMOUR SUM,No Network
909779,ARMSTRONG G EVE,No Network
309779,ARMSTRONG G SUM,No Network
910287,ASHBURN EVE,No Network
310287,ASHBURN SUM,No Network
910268,ASHE EVE,No Network
310268,ASHE SUM,No Network
850023,ASIAN HUMAN SERVICE-LEAF PROGRAM,No Network
909782,AUDUBON EVE,No Network
309782,AUDUBON SUM,No Network
910518,AUSTIN CCA HS EVE,No Network
310518,AUSTIN CCA HS SUM,No Network
909786,AVALON PARK EVE,No Network
309786,AVALON PARK SUM,No Network
910325,AVONDALE-LOGANDALE EVE,No Network
310325,AVONDALE-LOGANDALE SUM,No Network
910544,AZUELA EVE,No Network
310544,AZUELA SUM,No Network
910563,BACK OF THE YARDS HS EVE,No Network
310563,BACK OF THE YARDS HS SUM,No Network
800000,BANNER THERAPEUTIC ES,No Network
800001,BANNER THERAPEUTIC HS,No Network
909788,BARNARD EVE,No Network
309788,BARNARD SUM,No Network
909789,BARRY EVE,No Network
309789,BARRY SUM,No Network
909790,BARTON EVE,No Network
309790,BARTON SUM,No Network
909791,BASS EVE,No Network
309791,BASS SUM,No Network
909792,BATEMAN EVE,No Network
309792,BATEMAN SUM,No Network
850221,BBF FAMILY SERVICES,No Network
800002,BEACON THERAPEUTIC ES,No Network
800003,BEACON THERAPEUTIC HS,No Network
910083,BEARD EVE,No Network
310083,BEARD SUM,No Network
910246,BEASLEY EVE,No Network
310246,BEASLEY SUM,No Network
909796,BEAUBIEN EVE,No Network
309796,BEAUBIEN SUM,No Network
910237,BEETHOVEN EVE,No Network
310237,BEETHOVEN SUM,No Network
909797,BEIDLER EVE,No Network
309797,BEIDLER SUM,No Network
909798,BELDING EVE,No Network
309798,BELDING SUM,No Network
909799,BELL EVE,No Network
800267,BELL MONTESSORI INT,No Network
309799,BELL SUM,No Network
800224,BELLEFAIRE-MONARCH SCHOOL ES,No Network
800225,BELLEFAIRE-MONARCH SCHOOL HS,No Network
909922,BELMONT-CRAGIN EVE,No Network
309922,BELMONT-CRAGIN SUM,No Network
909800,BENNETT EVE,No Network
309800,BENNETT SUM,No Network
800313,BLACK BEAR,No Network
910350,BLACK EVE,No Network
310350,BLACK SUM,No Network
909803,BLAINE EVE,No Network
309803,BLAINE SUM,No Network
910087,BLAIR EVE,No Network
310087,BLAIR SUM,No Network
909698,BOGAN HS EVE,No Network
309698,BOGAN HS SUM,No Network
910238,BOND EVE,No Network
310238,BOND SUM,No Network
909804,BOONE EVE,No Network
309804,BOONE SUM,No Network
800222,BOSTON HIGASHI - EXTENDED ES,No Network
800223,BOSTON HIGASHI - EXTENDED HS,No Network
909815,BOUCHET EVE,No Network
309815,BOUCHET SUM,No Network
910323,BOWEN HS EVE,No Network
310323,BOWEN HS SUM,No Network
909806,BRADWELL EVE,No Network
309806,BRADWELL SUM,No Network
800291,BRAIN BOX ES,No Network
850030,BRAIN BOX LITERACY ACAD AND EDUC,No Network
850031,BREAKTHROUGH BEGINNERS,No Network
910242,BRENNEMANN EVE,No Network
310242,BRENNEMANN SUM,No Network
909809,BRENTANO EVE,No Network
309809,BRENTANO SUM,No Network
909810,BRIDGE EVE,No Network
309810,BRIDGE SUM,No Network
800142,BRIDGEPOINT ACAD OF ORLAND PARK,No Network
909811,BRIGHT EVE,No Network
850001,BRIGHT SCHOLARS,No Network
850083,BRIGHT SCHOLARS - EL VALOR,No Network
309811,BRIGHT SUM,No Network
800296,BRIGHTMONT NORTHFIELD HS,No Network
910317,BRIGHTON PARK EVE,No Network
310317,BRIGHTON PARK SUM,No Network
800212,BROADSTEP - ILLINOIS ES,No Network
800213,BROADSTEP - ILLINOIS HS,No Network
800210,BROADSTEP - ILLINOIS INTENSIVE ES,No Network
800211,BROADSTEP - ILLINOIS INTENSIVE HS,No Network
910590,BRONZEVILLE CLASSICAL EVE,No Network
310590,BRONZEVILLE CLASSICAL SUM,No Network
910381,BRONZEVILLE HS EVE,No Network
310381,BRONZEVILLE HS SUM,No Network
909726,BROOKS HS EVE,No Network
309726,BROOKS HS SUM,No Network
910091,BROWN R EVE,No Network
310091,BROWN R SUM,No Network
909812,BROWN W EVE,No Network
309812,BROWN W SUM,No Network
909813,BROWNELL EVE,No Network
309813,BROWNELL SUM,No Network
909830,BRUNSON EVE,No Network
309830,BRUNSON SUM,No Network
909817,BUDLONG EVE,No Network
309817,BUDLONG SUM,No Network
850002,BUNNYLAND DAY CARE,No Network
909818,BURBANK EVE,No Network
309818,BURBANK SUM,No Network
909819,BURKE EVE,No Network
309819,BURKE SUM,No Network
909820,BURLEY EVE,No Network
309820,BURLEY SUM,No Network
909821,BURNHAM EVE,No Network
309821,BURNHAM SUM,No Network
909827,BURNSIDE EVE,No Network
309827,BURNSIDE SUM,No Network
909828,BURR EVE,No Network
309828,BURR SUM,No Network
909829,BURROUGHS EVE,No Network
309829,BURROUGHS SUM,No Network
850032,BUSY BUMBLE BEE LEARNING ACADEMY,No Network
909832,BYRNE EVE,No Network
309832,BYRNE SUM,No Network
850055,C Y C - DOROTHY GAUTREAUX,No Network
909833,CALDWELL EVE,No Network
309833,CALDWELL SUM,No Network
910353,CALMECA EVE,No Network
310353,CALMECA SUM,No Network
800218,CALO ES,No Network
800219,CALO HS,No Network
910565,CAMELOT - EXCEL ENGLEWOOD HS EVE,No Network
310565,CAMELOT - EXCEL ENGLEWOOD HS SUM,No Network
910572,CAMELOT - SAFE ES EVE,No Network
310572,CAMELOT - SAFE ES SUM,No Network
910573,CAMELOT - SAFE HS EVE,No Network
310573,CAMELOT - SAFE HS SUM,No Network
800083,CAMELOT THERAP-MT PROSPECT ES,No Network
800084,CAMELOT THERAP-MT PROSPECT HS,No Network
800085,CAMELOT THERAP-MT PROSPECT-INT ES,No Network
800086,CAMELOT THERAP-MT PROSPECT-INT HS,No Network
909835,CAMERON EVE,No Network
309835,CAMERON SUM,No Network
910539,CAMRAS EVE,No Network
310539,CAMRAS SUM,No Network
909836,CANTY EVE,No Network
309836,CANTY SUM,No Network
910024,CARDENAS EVE,No Network
310024,CARDENAS SUM,No Network
850086,CARITAS HOME DAYCARE,No Network
850084,CARLOS CANTU CHILD AND FAMILY CENTER,No Network
909837,CARNEGIE EVE,No Network
309837,CARNEGIE SUM,No Network
850034,CAROLE ROBERTSON CNTR FOR LRNG,No Network
850033,CAROLE ROBERTSON CNTR LEARNING,No Network
850036,CAROLE ROBERTSON CTR LRNG -KIPP,No Network
850035,CAROLE ROBERTSON LEGACY,No Network
909839,CARROLL EVE,No Network
309839,CARROLL SUM,No Network
909842,CARSON EVE,No Network
309842,CARSON SUM,No Network
909844,CARTER EVE,No Network
309844,CARTER SUM,No Network
909845,CARVER G EVE,No Network
309845,CARVER G SUM,No Network
909760,CARVER MILITARY HS EVE,No Network
309760,CARVER MILITARY HS SUM,No Network
850038,CASA CENTRAL - EARLY LRNING ACAD,No Network
910021,CASALS EVE,No Network
310021,CASALS SUM,No Network
909849,CASSELL EVE,No Network
309849,CASSELL SUM,No Network
910251,CATHER EVE,No Network
310251,CATHER SUM,No Network
850017,CBO ALAIN LOCKE CHARTER,No Network
850224,CBO GREAT LAKES ACADEMY CHARTER SCHOOL,No Network
850140,CBO LEARN CHARTER SCH - ROMANO BUTLER,No Network
850141,CBO LEARN CHARTER SCH - SOUTH CHICAGO,No Network
850027,CCC - MALCOLM X CHILD DEV CNTR,No Network
850028,CCC - OLIVE HARVEY CHILD DEV CNTR,No Network
850029,CCC - TRUMAN CHILD DEV CNTR,No Network
850025,CCC DALEY CHILD DEVELOPMENT CNTR,No Network
800107,CENTERVIEW THERAPEUTIC-DAY ES,No Network
800108,CENTERVIEW THERAPEUTIC-DAY HS,No Network
800109,CENTERVIEW THERAPEUTIC-DAY-INT ES,No Network
800110,CENTERVIEW THERAPEUTIC-DAY-INT HS,No Network
850085,CENTRO INFANTIL PUERTO RICAN COM,No Network
800230,CHADDOCK SCHOOL ES,No Network
800231,CHADDOCK SCHOOL HS,No Network
909851,CHALMERS EVE,No Network
309851,CHALMERS SUM,No Network
800259,CHAMBERLAIN INT 61366,No Network
800258,CHAMBERLAIN SCH 8645,No Network
909852,CHAPPELL EVE,No Network
309852,CHAPPELL SUM,No Network
909853,CHASE EVE,No Network
309853,CHASE SUM,No Network
910148,CHAVEZ EVE,No Network
310148,CHAVEZ SUM,No Network
850052,CHGO LIGHTHOUSE - BV IMPAIRED,No Network
910248,CHICAGO ACADEMY ES EVE,No Network
310248,CHICAGO ACADEMY ES SUM,No Network
910340,CHICAGO ACADEMY HS EVE,No Network
310340,CHICAGO ACADEMY HS SUM,No Network
909753,CHICAGO AGRICULTURE HS EVE,No Network
309753,CHICAGO AGRICULTURE HS SUM,No Network
800061,CHICAGO AUTISM ACADEMY ES,No Network
800062,CHICAGO AUTISM ACADEMY HS,No Network
850104,CHICAGO CHILD CARE SOC - HYDE PK,No Network
850044,CHICAGO COMMONS - GUADALUPANO,No Network
850048,CHICAGO COMMONS - NIA FAMILY CNTR,No Network
850049,CHICAGO COMMONS - PAULO FREIRE,No Network
850050,CHICAGO COMMONS-TAYLOR CTR,No Network
850058,CHICAGO CTR GEORGE E TAYLOR,No Network
800063,CHICAGO LIGHTHOUSE ES,No Network
800064,CHICAGO LIGHTHOUSE HS,No Network
800276,CHICAGO LIGHTHOUSE INT ES,No Network
800277,CHICAGO LIGHTHOUSE INT HS,No Network
909754,CHICAGO MILITARY HS EVE,No Network
309754,CHICAGO MILITARY HS SUM,No Network
909674,CHICAGO VOCATIONAL HS EVE,No Network
309674,CHICAGO VOCATIONAL HS SUM,No Network
850057,CHICAGO YOUTH CENTERS FIRST STEP,No Network
800160,CHILDRBRIDGE CENTER FOR ED - INT ES,No Network
800161,CHILDRBRIDGE CENTER FOR ED - INT HS,No Network
800158,CHILDRBRIDGE CENTER FOR ED ES,No Network
800159,CHILDRBRIDGE CENTER FOR ED HS,No Network
800099,CHILDRENS HABILITATION CENTER ES,No Network
800100,CHILDRENS HABILITATION CENTER HS,No Network
850068,CHILDRENS HOME AND AID SOCIETY,No Network
850069,CHILDRENS PLACE ASSOCIATION,No Network
850070,CHILDSERV - WEST CHICAGO,No Network
850071,CHINESE AMERICAN SERVICE LEAGUE,No Network
850107,CHLDRENS DEV INSTIT - SOUTH SHORE,No Network
850004,CHLDRNS CNTR CREATIVE LEARNING,No Network
909854,CHOPIN EVE,No Network
309854,CHOPIN SUM,No Network
909855,CHRISTOPHER EVE,No Network
850072,CHRISTOPHER HOUSE - BELMONT CRAGIN,No Network
850073,CHRISTOPHER HOUSE - LOGAN SQUARE,No Network
850074,CHRISTOPHER HOUSE - UPTOWN,No Network
309855,CHRISTOPHER SUM,No Network
850026,CITY COLLEGE - KENNEDY KING,No Network
300006,CITY WIDE PROGRAMS SUM,No Network
610497,CITYWIDE OSS SCHOOLS,No Network
910497,CITYWIDE OSS SCHOOLS EVE,No Network
310497,CITYWIDE OSS SCHOOLS SUM,No Network
6,CITYWIDE PROGRAMS,No Network
8,CITYWIDE PROGRAMS ES,No Network
910347,CLAREMONT EVE,No Network
310347,CLAREMONT SUM,No Network
909795,CLARK ES EVE,No Network
309795,CLARK ES SUM,No Network
910244,CLARK HS EVE,No Network
310244,CLARK HS SUM,No Network
800144,CLASSROOM CONNECTION DAY SCHOOL ES,No Network
800145,CLASSROOM CONNECTION DAY SCHOOL HS,No Network
909856,CLAY EVE,No Network
309856,CLAY SUM,No Network
909759,CLEMENTE HS EVE,No Network
309759,CLEMENTE HS SUM,No Network
909857,CLEVELAND EVE,No Network
309857,CLEVELAND SUM,No Network
909859,CLINTON EVE,No Network
309859,CLINTON SUM,No Network
909861,CLISSOLD EVE,No Network
309861,CLISSOLD SUM,No Network
850042,CNTR NEW HORIZONS EFFIE O ELLIS,No Network
910199,COLEMON EVE,No Network
310199,COLEMON SUM,No Network
909862,COLES EVE,No Network
309862,COLES SUM,No Network
910499,COLLINS HS EVE,No Network
310499,COLLINS HS SUM,No Network
910170,COLUMBIA EXPLORERS EVE,No Network
310170,COLUMBIA EXPLORERS SUM,No Network
909863,COLUMBUS EVE,No Network
309863,COLUMBUS SUM,No Network
850075,CONCORDIA PLACE - SEELEY,No Network
850076,CONCORDIA PLACE - WHIPPLE,No Network
909864,COOK EVE,No Network
309864,COOK SUM,No Network
909866,COONLEY EVE,No Network
309866,COONLEY SUM,No Network
909867,COOPER EVE,No Network
309867,COOPER SUM,No Network
800162,CORE SUPPORTED ES,No Network
800163,CORE SUPPORTED HS,No Network
909870,CORKERY EVE,No Network
309870,CORKERY SUM,No Network
909761,CORLISS HS EVE,No Network
309761,CORLISS HS SUM,No Network
910355,COURTENAY EVE,No Network
310355,COURTENAY SUM,No Network
800266,COVE CAREER,No Network
800041,COVE SCHOOL - INTENSIVE ES,No Network
800042,COVE SCHOOL - INTENSIVE HS,No Network
800039,COVE SCHOOL ES,No Network
800040,COVE SCHOOL HS,No Network
910561,CRANE MEDICAL HS EVE,No Network
310561,CRANE MEDICAL HS SUM,No Network
850172,CREATIVE LITTLE ONES,No Network
909873,CROWN EVE,No Network
309873,CROWN SUM,No Network
850041,CTRS FOR NEW HORIZONS -ALTGELD,No Network
850077,CUDDLE CARE INC,No Network
910003,CUFFE EVE,No Network
310003,CUFFE SUM,No Network
910004,CULLEN EVE,No Network
310004,CULLEN SUM,No Network
909756,CURIE HS EVE,No Network
309756,CURIE HS SUM,No Network
909900,CURTIS EVE,No Network
309900,CURTIS SUM,No Network
850067,CYC - ABC FAMILY CENTER,No Network
850239,CYC - CALUMET HEIGHTS,No Network
850053,CYC - CENTRO NUESTRO,No Network
850066,CYC - REBECCA K CROWN CENTER,No Network
910239,DALEY EVE,No Network
310239,DALEY SUM,No Network
909875,DARWIN EVE,No Network
309875,DARWIN SUM,No Network
910521,DAVIS M EVE,No Network
310521,DAVIS M SUM,No Network
909876,DAVIS N EVE,No Network
309876,DAVIS N SUM,No Network
909879,DAWES EVE,No Network
309879,DAWES SUM,No Network
910313,DE DIEGO EVE,No Network
310313,DE DIEGO SUM,No Network
909880,DECATUR EVE,No Network
309880,DECATUR SUM,No Network
909883,DENEEN EVE,No Network
309883,DENEEN SUM,No Network
910367,DEPRIEST EVE,No Network
310367,DEPRIEST SUM,No Network
910252,DETT EVE,No Network
310252,DETT SUM,No Network
909884,DEVER EVE,No Network
309884,DEVER SUM,No Network
800242,DEVEREUX GLENHOLME SCHOOL ES,No Network
800243,DEVEREUX GLENHOLME SCHOOL HS,No Network
800247,DEVEREUX TEXAS TREATMENT NETWORK ES,No Network
800248,DEVEREUX TEXAS TREATMENT NETWORK HS,No Network
800249,DEVEREUX-UNITS 4 AND 5 ES,No Network
800250,DEVEREUX-UNITS 4 AND 5 HS,No Network
910402,DEVRY HS EVE,No Network
310402,DEVRY HS SUM,No Network
909885,DEWEY EVE,No Network
309885,DEWEY SUM,No Network
850110,DIANAS PLAYPEN OF LITTLE GENIUSES,No Network
909874,DIRKSEN EVE,No Network
309874,DIRKSEN SUM,No Network
910363,DISNEY EVE,No Network
910515,DISNEY II ES EVE,No Network
310515,DISNEY II ES SUM,No Network
910564,DISNEY II HS EVE,No Network
310564,DISNEY II HS SUM,No Network
310363,DISNEY SUM,No Network
1,DISTRICT SCHOOL,No Network
850137,DIVERSEY DAYCARE,No Network
909887,DIXON EVE,No Network
309887,DIXON SUM,No Network
909891,DOOLITTLE EVE,No Network
309891,DOOLITTLE SUM,No Network
909893,DORE EVE,No Network
309893,DORE SUM,No Network
910245,DOUGLASS HS EVE,No Network
310245,DOUGLASS HS SUM,No Network
909894,DRAKE EVE,No Network
309894,DRAKE SUM,No Network
850005,DREAMCHILD DEVELOPMENT CENTER,No Network
909896,DRUMMOND EVE,No Network
309896,DRUMMOND SUM,No Network
610495,DUAL ENR OSS SCHOOLS,No Network
910495,DUAL ENR OSS SCHOOLS EVE,No Network
310495,DUAL ENR OSS SCHOOLS SUM,No Network
910364,DUBOIS EVE,No Network
310364,DUBOIS SUM,No Network
910263,DULLES EVE,No Network
310263,DULLES SUM,No Network
909676,DUNBAR HS EVE,No Network
309676,DUNBAR HS SUM,No Network
910188,DUNNE EVE,No Network
310188,DUNNE SUM,No Network
910352,DURKIN PARK EVE,No Network
310352,DURKIN PARK SUM,No Network
910254,DVORAK EVE,No Network
310254,DVORAK SUM,No Network
910587,DYETT ARTS HS EVE,No Network
310587,DYETT ARTS HS SUM,No Network
910316,EARHART EVE,No Network
310316,EARHART SUM,No Network
909897,EARLE EVE,No Network
309897,EARLE SUM,No Network
850078,EARLY CHILD CARE SERVICES INC,No Network
850081,EASTER SEALS METRO CHICAGO,No Network
800081,EASTER SEALS SOUTH - INTENSIVE ES,No Network
800082,EASTER SEALS SOUTH - INTENSIVE HS,No Network
800033,EASTER SEALS THER INTENSIVE ES,No Network
800034,EASTER SEALS THER INTENSIVE HS,No Network
800004,EASTER SEALS THERAPEUTIC ES,No Network
800005,EASTER SEALS THERAPEUTIC HS,No Network
800079,EASTER SEALS THERAPEUTIC-SOUTH ES,No Network
800080,EASTER SEALS THERAPEUTIC-SOUTH HS,No Network
800167,EASTERSEALS ACAD - MACH PK - INT ES,No Network
800168,EASTERSEALS ACAD - MACH PK - INT HS,No Network
800165,EASTERSEALS ACAD - MACH PK ES,No Network
800166,EASTERSEALS ACAD - MACH PK HS,No Network
909898,EBERHART EVE,No Network
309898,EBERHART SUM,No Network
909899,EBINGER EVE,No Network
309899,EBINGER SUM,No Network
800261,ECHO SCHOOL ES,No Network
800262,ECHO SCHOOL HS,No Network
909901,EDGEBROOK EVE,No Network
309901,EDGEBROOK SUM,No Network
909794,EDISON EVE,No Network
910523,EDISON PARK EVE,No Network
310523,EDISON PARK SUM,No Network
309794,EDISON SUM,No Network
909903,EDWARDS EVE,No Network
309903,EDWARDS SUM,No Network
850082,EL HOGAR DEL NINO - NEW LOOMIS,No Network
850087,EL VALOR - GUADALUPE REYES CHLDRN,No Network
850096,EL VALOR -REY B GONZALEZ CHLDRN,No Network
800055,ELIM CHRISTIAN SCHOOL-DAY ES,No Network
800056,ELIM CHRISTIAN SCHOOL-DAY HS,No Network
800057,ELIM CHRISTIAN SCHOOL-INTENSIVE ES,No Network
800058,ELIM CHRISTIAN SCHOOL-INTENSIVE HS,No Network
800059,ELIM PATHWAYS ES,No Network
800060,ELIM PATHWAYS HS,No Network
909904,ELLINGTON EVE,No Network
309904,ELLINGTON SUM,No Network
910592,ENGLEWOOD STEM HS EVE,No Network
310592,ENGLEWOOD STEM HS SUM,No Network
909907,ERICSON EVE,No Network
309907,ERICSON SUM,No Network
850102,ERIE NEIGHBORHOOD HOUSE,No Network
909908,ESMOND EVE,No Network
309908,ESMOND SUM,No Network
800146,ESPERANZA LEARNING CENTER HS,No Network
800147,ESPERANZA SCHOOL - INTENSIVE ES,No Network
800148,ESPERANZA SCHOOL - INTENSIVE HS,No Network
800006,ESPERANZA THERAPEUTIC ES,No Network
800007,ESPERANZA THERAPEUTIC HS,No Network
909909,EVERETT EVE,No Network
309909,EVERETT SUM,No Network
910319,EVERGREEN EVE,No Network
310319,EVERGREEN SUM,No Network
910362,EVERS EVE,No Network
310362,EVERS SUM,No Network
800031,EXPRESSIVE ARTS & LEARN (SEAL) ES,No Network
800032,EXPRESSIVE ARTS & LEARN (SEAL) HS,No Network
850043,EYES ON THE FUTURE,No Network
910057,FAIRFIELD EVE,No Network
310057,FAIRFIELD SUM,No Network
909910,FALCONER EVE,No Network
309910,FALCONER SUM,No Network
850174,FAMILY CHILD CARE HOME - DOTY KATERRIA,No Network
850175,FAMILY CHILD CARE HOME-JACQUELIN HOPGOOD-GERMAN,No Network
850183,FAMILY CHILDCARE HOME - JUAN L. FUENTES,No Network
850184,FAMILY CHILDCARE HOME - LAURA MALDONADO,No Network
850185,FAMILY CHILDCARE HOME - LOLITA SCOTT,No Network
850186,FAMILY CHILDCARE HOME - LUCIA RUBIO,No Network
850187,FAMILY CHILDCARE HOME - MARIA DIAZ,No Network
850189,FAMILY CHILDCARE HOME - MARIA RUBIO,No Network
850190,FAMILY CHILDCARE HOME - MARIA TERESA MONTES DE OCA,No Network
850191,FAMILY CHILDCARE HOME - MARIA ZALAZAR,No Network
850192,FAMILY CHILDCARE HOME - MARTHA ORNELAS,No Network
850193,FAMILY CHILDCARE HOME - MAYRA JAIMES,No Network
850194,FAMILY CHILDCARE HOME - NANCY AGUIRRE,No Network
850195,FAMILY CHILDCARE HOME - PERLA YASUDA,No Network
850196,FAMILY CHILDCARE HOME - ROSA ALVARADO,No Network
850188,FAMILY CHILDCARE HOME - ROSALBA ZERMENO,No Network
850197,FAMILY CHILDCARE HOME - VIRIDIANA FERNANDEZ,No Network
850103,FAMILY FOCUS - ENGLEWOOD PI,No Network
850105,FAMILY FOCUS - LAWNDALE,No Network
850106,FAMILY FOCUS - NUESTRA FAMILLA,No Network
850173,FAMILY OUTREACH INITIATIVE,No Network
910055,FARADAY EVE,No Network
310055,FARADAY SUM,No Network
909912,FARNSWORTH EVE,No Network
309912,FARNSWORTH SUM,No Network
909704,FARRAGUT HS EVE,No Network
309704,FARRAGUT HS SUM,No Network
800138,FELICITY SCHOOLS LLC ES,No Network
800139,FELICITY SCHOOLS LLC HS,No Network
909705,FENGER HS EVE,No Network
309705,FENGER HS SUM,No Network
909917,FERNWOOD EVE,No Network
309917,FERNWOOD SUM,No Network
909918,FIELD EVE,No Network
309918,FIELD SUM,No Network
909967,FINKL EVE,No Network
309967,FINKL SUM,No Network
850080,FIRST START CHILD CARE ACAD SOUTH,No Network
909919,FISKE EVE,No Network
309919,FISKE SUM,No Network
909708,FOREMAN HS EVE,No Network
309708,FOREMAN HS SUM,No Network
850108,FORESIGHT CHILDREN LEARNING CTR,No Network
909924,FORT DEARBORN EVE,No Network
309924,FORT DEARBORN SUM,No Network
909927,FOSTER PARK EVE,No Network
309927,FOSTER PARK SUM,No Network
800164,FOX TECH TRANSITION PROGRAM,No Network
909926,FRANKLIN EVE,No Network
309926,FRANKLIN SUM,No Network
910503,FRAZIER PROSPECTIVE EVE,No Network
310503,FRAZIER PROSPECTIVE SUM,No Network
909928,FULLER EVE,No Network
309928,FULLER SUM,No Network
909929,FULTON EVE,No Network
309929,FULTON SUM,No Network
909930,FUNSTON EVE,No Network
309930,FUNSTON SUM,No Network
800311,FUSION ES,No Network
800312,FUSION HS,No Network
850231,GADS HILL CENTER - CULLERTON,No Network
850114,GADS HILL CENTER - KOVE,No Network
850113,GADS HILL CENTER - OGDEN,No Network
850112,GADS HILL CTR-GH ARCHER BRITON PK,No Network
850111,GADS HILL HOME VISITING,No Network
909709,GAGE PARK HS EVE,No Network
309709,GAGE PARK HS SUM,No Network
909933,GALE EVE,No Network
309933,GALE SUM,No Network
850079,GALEWOOD ENTERPRISES LTD,No Network
910009,GALILEO EVE,No Network
310009,GALILEO SUM,No Network
909935,GALLISTEL EVE,No Network
309935,GALLISTEL SUM,No Network
910128,GARVEY EVE,No Network
310128,GARVEY SUM,No Network
909937,GARVY EVE,No Network
309937,GARVY SUM,No Network
909938,GARY EVE,No Network
309938,GARY SUM,No Network
800111,GIANT STEPS-ILLINOIS ES,No Network
800112,GIANT STEPS-ILLINOIS HS,No Network
800113,GIANT STEPS-ILLINOIS-INTENSIVE ES,No Network
800114,GIANT STEPS-ILLINOIS-INTENSIVE HS,No Network
909939,GILLESPIE EVE,No Network
309939,GILLESPIE SUM,No Network
909942,GOETHE EVE,No Network
309942,GOETHE SUM,No Network
910558,GOODE HS EVE,No Network
310558,GOODE HS SUM,No Network
909945,GOUDY EVE,No Network
309945,GOUDY SUM,No Network
850059,GRAHAM CRACKERS,No Network
850060,GRAHAM CRACKERS II,No Network
909947,GRAHAM ES EVE,No Network
309947,GRAHAM ES SUM,No Network
909769,GRAHAM HS EVE,No Network
309769,GRAHAM HS SUM,No Network
909949,GRAY EVE,No Network
309949,GRAY SUM,No Network
909850,GREELEY EVE,No Network
309850,GREELEY SUM,No Network
910032,GREEN EVE,No Network
310032,GREEN SUM,No Network
909952,GREENE EVE,No Network
309952,GREENE SUM,No Network
909954,GREGORY EVE,No Network
309954,GREGORY SUM,No Network
909955,GRESHAM EVE,No Network
309955,GRESHAM SUM,No Network
909956,GRIMES EVE,No Network
309956,GRIMES SUM,No Network
909944,GRISSOM EVE,No Network
309944,GRISSOM SUM,No Network
800220,GROVE SCHOOL ES,No Network
800221,GROVE SCHOOL HS,No Network
909958,GUNSAULUS EVE,No Network
309958,GUNSAULUS SUM,No Network
909959,HAINES EVE,No Network
309959,HAINES SUM,No Network
909960,HALE EVE,No Network
309960,HALE SUM,No Network
909808,HALEY EVE,No Network
309808,HALEY SUM,No Network
909963,HAMILTON EVE,No Network
309963,HAMILTON SUM,No Network
909964,HAMLINE EVE,No Network
309964,HAMLINE SUM,No Network
909966,HAMMOND EVE,No Network
309966,HAMMOND SUM,No Network
909807,HAMPTON EVE,No Network
309807,HAMPTON SUM,No Network
909694,HANCOCK HS EVE,No Network
309694,HANCOCK HS SUM,No Network
910068,HANSON PARK EVE,No Network
310068,HANSON PARK SUM,No Network
909710,HARLAN HS EVE,No Network
309710,HARLAN HS SUM,No Network
909969,HARTE EVE,No Network
309969,HARTE SUM,No Network
909971,HARVARD EVE,No Network
309971,HARVARD SUM,No Network
909972,HAUGAN EVE,No Network
309972,HAUGAN SUM,No Network
909974,HAWTHORNE EVE,No Network
309974,HAWTHORNE SUM,No Network
909975,HAY EVE,No Network
309975,HAY SUM,No Network
909976,HAYT EVE,No Network
309976,HAYT SUM,No Network
909979,HEALY EVE,No Network
309979,HEALY SUM,No Network
909981,HEARST EVE,No Network
309981,HEARST SUM,No Network
800179,HEARTSPRING - INTENSIVE ES,No Network
800180,HEARTSPRING - INTENSIVE HS,No Network
800177,HEARTSPRING ES,No Network
800178,HEARTSPRING HS,No Network
850007,HEAVENS LEARNING GARDEN INC,No Network
850006,HEAVENS LRNING GRDEN -HEVEN CHILD,No Network
909983,HEDGES EVE,No Network
309983,HEDGES SUM,No Network
909985,HEFFERAN EVE,No Network
309985,HEFFERAN SUM,No Network
800075,HELPING HAND SCHOOL ES,No Network
800076,HELPING HAND SCHOOL HS,No Network
909986,HENDERSON EVE,No Network
309986,HENDERSON SUM,No Network
909987,HENDRICKS EVE,No Network
309987,HENDRICKS SUM,No Network
850119,HENRY BOOTH HOUSE,No Network
850118,HENRY BOOTH HOUSE - HEGEWISCH,No Network
850126,HENRY BOOTH HOUSE - NEAR SOUTH,No Network
909988,HENRY EVE,No Network
309988,HENRY SUM,No Network
910532,HERNANDEZ EVE,No Network
310532,HERNANDEZ SUM,No Network
909991,HERZL EVE,No Network
309991,HERZL SUM,No Network
909994,HIBBARD EVE,No Network
309994,HIBBARD SUM,No Network
910295,HIGGINS EVE,No Network
310295,HIGGINS SUM,No Network
850128,HIGHER LEARNING DC AND EDUCATION CENTER,No Network
800008,HILLSIDE ACAD EAST THERAPEUTIC HS,No Network
800019,HILLSIDE ACADEMY EAST THERAPEUTIC ES,No Network
909712,HIRSCH HS EVE,No Network
309712,HIRSCH HS SUM,No Network
909995,HITCH EVE,No Network
309995,HITCH SUM,No Network
909996,HOLDEN EVE,No Network
309996,HOLDEN SUM,No Network
909997,HOLMES EVE,No Network
309997,HOLMES SUM,No Network
850131,HOLY FAMILY MINISTRIES,No Network
2,HOME SCHOOLED,No Network
800183,HOPE LEARNING ACADEMY - INT ES,No Network
800184,HOPE LEARNING ACADEMY - INT HS,No Network
800181,HOPE LEARNING ACADEMY ES,No Network
800182,HOPE LEARNING ACADEMY HS,No Network
800185,HOPE VOCATIONAL ACADEMY,No Network
800143,HOPEWELL ACADEMY OF ORLAND PARK,No Network
850232,HOWARD AREA EARLY CHILDHOOD CNTR,No Network
910000,HOWE EVE,No Network
310000,HOWE SUM,No Network
910002,HOYNE EVE,No Network
310002,HOYNE SUM,No Network
909741,HUBBARD HS EVE,No Network
309741,HUBBARD HS SUM,No Network
910005,HUGHES C EVE,No Network
310005,HUGHES C SUM,No Network
910368,HUGHES L EVE,No Network
310368,HUGHES L SUM,No Network
910006,HURLEY EVE,No Network
310006,HURLEY SUM,No Network
800257,HYDE PARK DAY LEMONT ES,No Network
800101,HYDE PARK DAY SCHOOL-CHICAGO,No Network
800102,HYDE PARK DAY SCHOOL-NORTH,No Network
909713,HYDE PARK HS EVE,No Network
309713,HYDE PARK HS SUM,No Network
800069,ICRE,No Network
850045,ILLINOIS INSTITUTE FOR CHILDREN,No Network
850088,INFANT WELFARE SOCIETY OF CHICAGO,No Network
910384,INFINITY HS EVE,No Network
310384,INFINITY HS SUM,No Network
910078,INTER-AMERICAN EVE,No Network
310078,INTER-AMERICAN SUM,No Network
800152,INTERMOUNTAIN CHILDRENS HOME ES,No Network
800153,INTERMOUNTAIN CHILDRENS HOME HS,No Network
910121,IRVING EVE,No Network
310121,IRVING SUM,No Network
850134,IT TAKES A VILLAGE C C SERVICES,No Network
850236,IT TAKES A VILLAGE EARLY LEARNING CTR (4020),No Network
850133,IT TAKES A VILLAGE EARLY LRNING,No Network
850237,J & L FAMILY LEARNING DAY CARE,No Network
850008,J AND L FAMILY LEARNING CENTER,No Network
850009,J AND L FAMILY LEARNING CENTER 2,No Network
910060,JACKSON A EVE,No Network
310060,JACKSON A SUM,No Network
910369,JACKSON M EVE,No Network
310369,JACKSON M SUM,No Network
850040,JADONAL E FORD CENTER,No Network
910010,JAHN EVE,No Network
310010,JAHN SUM,No Network
910011,JAMIESON EVE,No Network
310011,JAMIESON SUM,No Network
800077,JEANINE SCHULTZ SCHOOL ES,No Network
800078,JEANINE SCHULTZ SCHOOL HS,No Network
909783,JEFFERSON HS EVE,No Network
309783,JEFFERSON HS SUM,No Network
850120,JELLY BEAN 74TH,No Network
910271,JENSEN EVE,No Network
310271,JENSEN SUM,No Network
800149,JEWISH CHILD FAMILY SVS - INT ES,No Network
800150,JEWISH CHILD FAMILY SVS - INT HS,No Network
800010,JEWISH CHILD FAMILY THERAPEUTIC ES,No Network
800011,JEWISH CHILD FAMILY THERAPEUTIC HS,No Network
910274,JOHNSON EVE,No Network
310274,JOHNSON SUM,No Network
909678,JONES HS EVE,No Network
309678,JONES HS SUM,No Network
909805,JOPLIN EVE,No Network
309805,JOPLIN SUM,No Network
909865,JORDAN EVE,No Network
309865,JORDAN SUM,No Network
800288,JTC ACADEMY WEST HS,No Network
909764,JUAREZ HS EVE,No Network
309764,JUAREZ HS SUM,No Network
850135,JUDAH NORTH,No Network
909762,JULIAN HS EVE,No Network
309762,JULIAN HS SUM,No Network
910015,JUNGMAN EVE,No Network
310015,JUNGMAN SUM,No Network
909920,KANOON EVE,No Network
309920,KANOON SUM,No Network
910084,KELLER EVE,No Network
310084,KELLER SUM,No Network
909925,KELLMAN EVE,No Network
309925,KELLMAN SUM,No Network
910016,KELLOGG EVE,No Network
310016,KELLOGG SUM,No Network
909715,KELLY HS EVE,No Network
309715,KELLY HS SUM,No Network
909716,KELVYN PARK HS EVE,No Network
309716,KELVYN PARK HS SUM,No Network
800234,KEMMERER VILLAGE ES,No Network
800235,KEMMERER VILLAGE HS,No Network
909718,KENNEDY HS EVE,No Network
309718,KENNEDY HS SUM,No Network
909746,KENWOOD HS EVE,No Network
309746,KENWOOD HS SUM,No Network
850121,KENYATTAS DAY CARE CENTER,No Network
910019,KERSHAW EVE,No Network
310019,KERSHAW SUM,No Network
800091,KESHET DAY SCHOOL,No Network
800092,KESHET DAY SCHOOL - INTENSIVE,No Network
800093,KESHET HIGH SCHOOL,No Network
800094,KESHET HIGH SCHOOL - INTENSIVE,No Network
800095,KESHET TRANSITION PROGRAM,No Network
800096,KESHET TRANSITION PROGRAM - INTENSIVE,No Network
850109,KIDDIE COLLEGE LEARNING CENTER,No Network
850089,KIDDY KARE PREK - KIDDY KARE I,No Network
850091,KIDDY KARE PREK - KIDZ COLONY,No Network
850093,KIDDY KARE PREK - LITTLE TYKES I,No Network
850092,KIDDY KARE PREK- LITTLE LRNERS DC,No Network
850094,KIDDY KARE PREK-LITTLE TYKES II,No Network
850090,KIDDY KARE SITE 1,No Network
850061,KIDZ CREATIVE CONCEPTS LEARNING CENTER #2,No Network
910022,KILMER EVE,No Network
310022,KILMER SUM,No Network
850138,KIMBALL DAYCARE,No Network
910299,KING ES EVE,No Network
310299,KING ES SUM,No Network
909751,KING HS EVE,No Network
309751,KING HS SUM,No Network
910026,KINZIE EVE,No Network
310026,KINZIE SUM,No Network
910027,KIPLING EVE,No Network
310027,KIPLING SUM,No Network
910030,KOZMINSKI EVE,No Network
310030,KOZMINSKI SUM,No Network
850129,LAKE SHORE SCHOOLS - CLARK,No Network
850130,LAKE SHORE SCHOOLS - GREENVIEW,No Network
909719,LAKE VIEW HS EVE,No Network
309719,LAKE VIEW HS SUM,No Network
800255,LAKEMARY CENTER ES,No Network
800256,LAKEMARY CENTER HS,No Network
850046,LAKESHORE LEARNING ACADEMY,No Network
850122,LAKEVIEW DEVELOPMENT CENTER,No Network
909720,LANE TECH HS EVE,No Network
309720,LANE TECH HS SUM,No Network
909869,LANGFORD EVE,No Network
309869,LANGFORD SUM,No Network
909993,LARA EVE,No Network
309993,LARA SUM,No Network
910033,LASALLE EVE,No Network
910520,LASALLE II EVE,No Network
310520,LASALLE II SUM,No Network
310033,LASALLE SUM,No Network
800186,"LATHAM CENTERS, INC. ES",No Network
800187,"LATHAM CENTERS, INC. HS",No Network
800281,LAUREATE DAY SCHOOL - INT,No Network
800126,LAUREATE DAY SCHOOL ES,No Network
800127,LAUREATE DAY SCHOOL HS,No Network
910208,LAVIZZO EVE,No Network
310208,LAVIZZO SUM,No Network
910034,LAWNDALE EVE,No Network
310034,LAWNDALE SUM,No Network
800020,LAWRENCE HALL THERAPEUTIC ES,No Network
800012,LAWRENCE HALL THERAPEUTIC HS,No Network
850142,LEARN PREK HERRO,No Network
850047,LEARN TOGETHER GROW TOGETHER,No Network
850152,LEARNING AND WELLNESS,No Network
910291,LEE EVE,No Network
310291,LEE SUM,No Network
910305,LELAND EVE,No Network
310305,LELAND SUM,No Network
910298,LENART EVE,No Network
310298,LENART SUM,No Network
910036,LEWIS EVE,No Network
310036,LEWIS SUM,No Network
910037,LIBBY EVE,No Network
310037,LIBBY SUM,No Network
910038,LINCOLN EVE,No Network
910595,LINCOLN PARK ELC EVE,No Network
310595,LINCOLN PARK ELC SUM,No Network
909738,LINCOLN PARK HS EVE,No Network
309738,LINCOLN PARK HS SUM,No Network
310038,LINCOLN SUM,No Network
910391,LINDBLOM HS EVE,No Network
310391,LINDBLOM HS SUM,No Network
850115,LITERACY ZONE,No Network
850146,LITTLE ACHIEVERS LEARNING CTR,No Network
850123,LITTLE ANGELS FAMILY DAYCARE,No Network
850227,LITTLE BEAR DAY CARE,No Network
850124,LITTLE FOLKS DAYCARE,No Network
800263,LITTLE FRIENDS KREJCI/MASON ES,No Network
800264,LITTLE FRIENDS KREJCI/MASON HS,No Network
800251,LITTLE FRIENDS-KREJCI-INT 815 ES,No Network
800252,LITTLE FRIENDS-KREJCI-INT 815 HS,No Network
850010,LITTLE GENIUS COMM DAYCARE CTR,No Network
850011,LITTLE GENIUS COMM DAYCARE CTR 2,No Network
850012,LITTLE HANDS CHILD CREATIVE CNTR,No Network
800260,LITTLE KESWICK,No Network
850062,LITTLE KIDDIES INC,No Network
850147,LITTLE KIDS VILLAGE LEARNING,No Network
909834,LITTLE VILLAGE EVE,No Network
309834,LITTLE VILLAGE SUM,No Network
910040,LLOYD EVE,No Network
310040,LLOYD SUM,No Network
910041,LOCKE J EVE,No Network
310041,LOCKE J SUM,No Network
850125,LOOP LEARNING CENTER INC,No Network
910541,LORCA EVE,No Network
310541,LORCA SUM,No Network
910043,LOVETT EVE,No Network
310043,LOVETT SUM,No Network
910044,LOWELL EVE,No Network
310044,LOWELL SUM,No Network
910029,LOZANO EVE,No Network
310029,LOZANO SUM,No Network
910046,LYON EVE,No Network
310046,LYON SUM,No Network
910215,MADERO EVE,No Network
310215,MADERO SUM,No Network
910047,MADISON EVE,No Network
310047,MADISON SUM,No Network
910048,MANIERRE EVE,No Network
310048,MANIERRE SUM,No Network
909722,MANLEY HS EVE,No Network
309722,MANLEY HS SUM,No Network
910052,MANN EVE,No Network
310052,MANN SUM,No Network
850143,MARILLAC SOCIAL CENTER,No Network
909780,MARINE LEADERSHIP AT AMES HS EVE,No Network
309780,MARINE LEADERSHIP AT AMES HS SUM,No Network
800192,MARKLUND DAY SCHOOL ES,No Network
800193,MARKLUND DAY SCHOOL HS,No Network
800194,MARKLUND DAY SCHOOL-ELGIN CAMPUS ES,No Network
800195,MARKLUND DAY SCHOOL-ELGIN CAMPUS HS,No Network
910053,MARQUETTE EVE,No Network
310053,MARQUETTE SUM,No Network
910054,MARSH EVE,No Network
310054,MARSH SUM,No Network
909723,MARSHALL HS EVE,No Network
309723,MARSHALL HS SUM,No Network
850148,MARY CRANE CENTER - LAKE PULASKI,No Network
850151,MARY CRANE CENTER - LATHROP,No Network
850150,MARY CRANE CENTER - MORSE,No Network
850149,MARY CRANE CENTER- MOLADE CENTER,No Network
800190,MARYVILLE JEN - INVEST ES,No Network
800191,MARYVILLE JEN - INVEST HS,No Network
800188,MARYVILLE JEN ES,No Network
800189,MARYVILLE JEN HS,No Network
910056,MASON EVE,No Network
310056,MASON SUM,No Network
909724,MATHER HS EVE,No Network
309724,MATHER HS SUM,No Network
910059,MAYER EVE,No Network
310059,MAYER SUM,No Network
910290,MAYS EVE,No Network
310290,MAYS SUM,No Network
909968,MCAULIFFE EVE,No Network
309968,MCAULIFFE SUM,No Network
910062,MCCLELLAN EVE,No Network
310062,MCCLELLAN SUM,No Network
910063,MCCORMICK EVE,No Network
310063,MCCORMICK SUM,No Network
910269,MCCUTCHEON EVE,No Network
310269,MCCUTCHEON SUM,No Network
910066,MCDADE EVE,No Network
310066,MCDADE SUM,No Network
910312,MCDOWELL EVE,No Network
310312,MCDOWELL SUM,No Network
910067,MCKAY EVE,No Network
310067,MCKAY SUM,No Network
850013,MCKINLEY-GREENWOOD,No Network
910282,MCNAIR EVE,No Network
310282,MCNAIR SUM,No Network
910070,MCPHERSON EVE,No Network
310070,MCPHERSON SUM,No Network
910293,MELODY EVE,No Network
310293,MELODY SUM,No Network
800132,MENTA ACADEMY CHGO SOUTH - INT ES,No Network
800133,MENTA ACADEMY CHGO SOUTH - INT HS,No Network
800130,MENTA ACADEMY CHGO WEST - INT ES,No Network
800131,MENTA ACADEMY CHGO WEST - INT HS,No Network
800025,MENTA ACADEMY MIDWAY ES,No Network
800026,MENTA ACADEMY MIDWAY HS,No Network
800067,MENTA ACADEMY OAK PARK ES,No Network
800068,MENTA ACADEMY OAK PARK HS,No Network
800029,MENTA CHICAGO WEST ES,No Network
800030,MENTA CHICAGO WEST HS,No Network
800021,MENTA ES,No Network
800022,MENTA HS,No Network
800128,MENTA MIDWAY ACADEMY - INTENSIVE ES,No Network
800129,MENTA MIDWAY ACADEMY - INTENSIVE HS,No Network
800065,MENTA SPORTS ACADEMY ES,No Network
800066,MENTA SPORTS ACADEMY HS,No Network
800278,MERLIN,No Network
800280,MERLIN - INT,No Network
909902,METCALFE EVE,No Network
309902,METCALFE SUM,No Network
850154,METRO FAMILY SERVICES NORTH CNTRL,No Network
800134,METRO PREP GRADE SCHOOL- EXT ES,No Network
800137,METRO PREP HS-EXT HS,No Network
850153,METROPOLITAN FAMILY SRVCS MIDWAY,No Network
800135,METROPOLITAN PREP GRADE SCHOOL,No Network
800136,METROPOLITAN PREP HIGH SCHOOL,No Network
910171,MIRELES EVE,No Network
310171,MIRELES SUM,No Network
800097,MISERICORDIA ES,No Network
800098,MISERICORDIA HS,No Network
910073,MITCHELL EVE,No Network
310073,MITCHELL SUM,No Network
910276,MOLLISON EVE,No Network
310276,MOLLISON SUM,No Network
910074,MONROE EVE,No Network
310074,MONROE SUM,No Network
910076,MOOS EVE,No Network
310076,MOOS SUM,No Network
909725,MORGAN PARK HS EVE,No Network
309725,MORGAN PARK HS SUM,No Network
910077,MORRILL EVE,No Network
310077,MORRILL SUM,No Network
910257,MORTON EVE,No Network
310257,MORTON SUM,No Network
850156,MOTHERS TOUCH I,No Network
910082,MOUNT GREENWOOD EVE,No Network
310082,MOUNT GREENWOOD SUM,No Network
910086,MOUNT VERNON EVE,No Network
310086,MOUNT VERNON SUM,No Network
910088,MOZART EVE,No Network
310088,MOZART SUM,No Network
910385,MULTICULTURAL HS EVE,No Network
310385,MULTICULTURAL HS SUM,No Network
910089,MURPHY EVE,No Network
310089,MURPHY SUM,No Network
910090,MURRAY EVE,No Network
310090,MURRAY SUM,No Network
910092,NASH EVE,No Network
310092,NASH SUM,No Network
910231,NATIONAL TEACHERS EVE,No Network
310231,NATIONAL TEACHERS SUM,No Network
910093,NEIL EVE,No Network
310093,NEIL SUM,No Network
910094,NETTELHORST EVE,No Network
310094,NETTELHORST SUM,No Network
800217,NEURORESTORATIVE ACAD CHGOLND,No Network
800216,NEURORESTORATIVE ACAD CHGOLND - INT,No Network
800214,NEURORESTORATIVE CARBONDALE ACAD ES,No Network
800215,NEURORESTORATIVE CARBONDALE ACAD HS,No Network
850132,NEW CONCEPT,No Network
910284,NEW FIELD EVE,No Network
310284,NEW FIELD SUM,No Network
800279,NEW HAVEN RES SPANISH FORK,No Network
800049,NEW HORIZON CENTER - INTENSIVE ES,No Network
800050,NEW HORIZON CENTER - INTENSIVE HS,No Network
800047,NEW HORIZON CENTER ES,No Network
800048,NEW HORIZON CENTER HS,No Network
850158,NEW MOMS,No Network
850159,NEW PISGAH DAY CARE CENTER,No Network
910193,NEW SULLIVAN EVE,No Network
310193,NEW SULLIVAN SUM,No Network
910095,NEWBERRY EVE,No Network
310095,NEWBERRY SUM,No Network
800123,NEWHOPE ACADEMY EAST CAMPUS ES,No Network
800124,NEWHOPE ACADEMY EAST CAMPUS HS,No Network
800121,NEWHOPE ACADEMY ES,No Network
800122,NEWHOPE ACADEMY HS,No Network
800240,NEXUS-INDIAN OAKS ACADEMY - INT ES,No Network
800241,NEXUS-INDIAN OAKS ACADEMY - INT HS,No Network
800238,NEXUS-INDIAN OAKS ACADEMY ES,No Network
800239,NEXUS-INDIAN OAKS ACADEMY HS,No Network
909793,NICHOLSON EVE,No Network
309793,NICHOLSON SUM,No Network
910096,NIGHTINGALE EVE,No Network
310096,NIGHTINGALE SUM,No Network
909961,NINOS HEROES EVE,No Network
309961,NINOS HEROES SUM,No Network
910097,NIXON EVE,No Network
310097,NIXON SUM,No Network
910098,NOBEL EVE,No Network
310098,NOBEL SUM,No Network
910354,NORTH RIVER EVE,No Network
310354,NORTH RIVER SUM,No Network
800268,NORTH SHORE ACAD ES,No Network
850139,NORTH STAR CHILD DEVELOPMENT CTR,No Network
909691,NORTH-GRAND HS EVE,No Network
309691,NORTH-GRAND HS SUM,No Network
800200,NORTHERN IL ACADEMY - AUTISM ES,No Network
800201,NORTHERN IL ACADEMY - AUTISM HS,No Network
800202,NORTHERN IL ACADEMY - AUTISM INT ES,No Network
800203,NORTHERN IL ACADEMY - AUTISM INT HS,No Network
800198,NORTHERN ILLINOIS ACADEMY - INT ES,No Network
800199,NORTHERN ILLINOIS ACADEMY - INT HS,No Network
800196,NORTHERN ILLINOIS ACADEMY ES,No Network
800197,NORTHERN ILLINOIS ACADEMY HS,No Network
909744,NORTHSIDE LEARNING HS EVE,No Network
309744,NORTHSIDE LEARNING HS SUM,No Network
909749,NORTHSIDE PREP HS EVE,No Network
309749,NORTHSIDE PREP HS SUM,No Network
910051,NORTHWEST EVE,No Network
310051,NORTHWEST SUM,No Network
850160,NORTHWESTERN UNIV SETTLEMENT ASSN,No Network
910099,NORWOOD PARK EVE,No Network
310099,NORWOOD PARK SUM,No Network
3,ODLSS CITY WIDE ASSESSMENT,No Network
800173,ODTC-GENESEE LAKE 1-ON-1 ES,No Network
800174,ODTC-GENESEE LAKE 1-ON-1 HS,No Network
800175,ODTC-GENESEE LAKE 1-ON-1 INT ES,No Network
800176,ODTC-GENESEE LAKE 1-ON-1 INT HS,No Network
800171,ODTC-GENESEE LAKE SCHOOL - INT ES,No Network
800172,ODTC-GENESEE LAKE SCHOOL - INT HS,No Network
800169,ODTC-GENESEE LK - SPECIAL ES,No Network
800170,ODTC-GENESEE LK - SPECIAL HS,No Network
910101,OGDEN ES EVE,No Network
310101,OGDEN ES SUM,No Network
910529,OGDEN HS EVE,No Network
310529,OGDEN HS SUM,No Network
910102,OGLESBY EVE,No Network
310102,OGLESBY SUM,No Network
910103,OKEEFFE EVE,No Network
310103,OKEEFFE SUM,No Network
910569,OMBUDSMAN - NORTHWEST HS EVE,No Network
310569,OMBUDSMAN - NORTHWEST HS SUM,No Network
910593,OMBUDSMAN - ROSELAND HS EVE,No Network
310593,OMBUDSMAN - ROSELAND HS SUM,No Network
910570,OMBUDSMAN - SOUTH HS EVE,No Network
310570,OMBUDSMAN - SOUTH HS SUM,No Network
910571,OMBUDSMAN - WEST HS EVE,No Network
310571,OMBUDSMAN - WEST HS SUM,No Network
910104,ONAHAN EVE,No Network
310104,ONAHAN SUM,No Network
800245,ONARGA ACADEMY ES,No Network
800246,ONARGA ACADEMY HS,No Network
850162,ONE HOPE UNITED - BRIDGEPORT II,No Network
850163,ONE HOPE UNITED - EDGEWATER ELC,No Network
850164,ONWARD NBHD HOUSE BELMONT CRAGIN,No Network
850165,OPTIONS FOR YOUTH - COMMUNITY GRP,No Network
800140,ORCHARD ACADEMY,No Network
800141,ORCHARD ACADEMY-INTENSIVE,No Network
910105,ORIOLE PARK EVE,No Network
310105,ORIOLE PARK SUM,No Network
910329,OROZCO EVE,No Network
310329,OROZCO SUM,No Network
910389,ORR HS EVE,No Network
310389,ORR HS SUM,No Network
909950,ORTIZ DE DOMINGUEZ EVE,No Network
309950,ORTIZ DE DOMINGUEZ SUM,No Network
910107,OTIS EVE,No Network
310107,OTIS SUM,No Network
910108,OTOOLE EVE,No Network
310108,OTOOLE SUM,No Network
850166,OUNCE OF PREVENTION FUND - EC CTR,No Network
910109,OWEN EVE,No Network
310109,OWEN SUM,No Network
909943,OWENS EVE,No Network
309943,OWENS SUM,No Network
800073,PACTT LEARNING CENTER - INT ES,No Network
800074,PACTT LEARNING CENTER - INT HS,No Network
800070,PACTT LEARNING CENTER ES,No Network
800071,PACTT LEARNING CENTER HS,No Network
800072,PACTT TRANSITION PROGRAM HS,No Network
910111,PALMER EVE,No Network
310111,PALMER SUM,No Network
910115,PARK MANOR EVE,No Network
310115,PARK MANOR SUM,No Network
910112,PARKER EVE,No Network
310112,PARKER SUM,No Network
800045,PARKLAND PREP ACAD SOUTH - INT ES,No Network
800046,PARKLAND PREP ACAD SOUTH - INT HS,No Network
800043,PARKLAND PREP ACADEMY SOUTH ES,No Network
800044,PARKLAND PREP ACADEMY SOUTH HS,No Network
910116,PARKSIDE EVE,No Network
310116,PARKSIDE SUM,No Network
850024,PASSAGES EARLY LEARNING CENTER,No Network
910117,PASTEUR EVE,No Network
310117,PASTEUR SUM,No Network
910557,PATHWAYS - ASHBURN HS EVE,No Network
310557,PATHWAYS - ASHBURN HS SUM,No Network
910568,PATHWAYS - AVONDALE HS EVE,No Network
310568,PATHWAYS - AVONDALE HS SUM,No Network
910594,PATHWAYS - HUMBOLDT PARK HS EVE,No Network
310594,PATHWAYS - HUMBOLDT PARK HS SUM,No Network
850065,PATHWAYS TO LEARNING,No Network
850063,PATHWAYS TO LEARNING CCC - KEDZIE,No Network
850064,PATHWAYS TO LRNNG CCC - ASHBURN,No Network
909680,PAYTON HS EVE,No Network
309680,PAYTON HS SUM,No Network
910386,PEACE AND EDUCATION HS EVE,No Network
310386,PEACE AND EDUCATION HS SUM,No Network
850116,PEACHTREE EDUCATIONAL DAYCARE 2,No Network
910120,PECK EVE,No Network
310120,PECK SUM,No Network
910122,PEIRCE EVE,No Network
310122,PEIRCE SUM,No Network
910123,PENN EVE,No Network
310123,PENN SUM,No Network
909872,PEREZ EVE,No Network
309872,PEREZ SUM,No Network
800151,PERKINS SCHOOL FOR THE BLIND,No Network
910126,PERSHING EVE,No Network
310126,PERSHING SUM,No Network
910127,PETERSON EVE,No Network
310127,PETERSON SUM,No Network
909727,PHILLIPS HS EVE,No Network
309727,PHILLIPS HS SUM,No Network
910304,PHOENIX MILITARY HS EVE,No Network
310304,PHOENIX MILITARY HS SUM,No Network
910106,PICCOLO EVE,No Network
310106,PICCOLO SUM,No Network
910129,PICKARD EVE,No Network
310129,PICKARD SUM,No Network
910013,PILSEN EVE,No Network
310013,PILSEN SUM,No Network
850167,PILSEN WELLNESS DOULA AND YOUTH PROGRAM,No Network
910130,PIRIE EVE,No Network
310130,PIRIE SUM,No Network
910131,PLAMONDON EVE,No Network
310131,PLAMONDON SUM,No Network
910132,POE EVE,No Network
310132,POE SUM,No Network
910135,PORTAGE PARK EVE,No Network
310135,PORTAGE PARK SUM,No Network
910281,POWELL EVE,No Network
310281,POWELL SUM,No Network
850095,POWER DAYCARE CENTER,No Network
910136,PRESCOTT EVE,No Network
310136,PRESCOTT SUM,No Network
910533,PRIETO EVE,No Network
310533,PRIETO SUM,No Network
910229,PRITZKER EVE,No Network
310229,PRITZKER SUM,No Network
4,PROGRAMS AND SERVICES,No Network
850168,PROJECT ORG AND DESIGN STUDIO HV,No Network
909679,PROSSER HS EVE,No Network
309679,PROSSER HS SUM,No Network
910137,PRUSSING EVE,No Network
310137,PRUSSING SUM,No Network
910138,PULASKI EVE,No Network
310138,PULASKI SUM,No Network
910139,PULLMAN EVE,No Network
310139,PULLMAN SUM,No Network
910334,RABY HS EVE,No Network
310334,RABY HS SUM,No Network
850169,RACHELS LEARN CNTR N LAWNDALE,No Network
850037,RACHELS LEARNING CENTER - AUSTIN,No Network
850157,RAINBOW DAYCARE,No Network
909941,RANDOLPH EVE,No Network
309941,RANDOLPH SUM,No Network
910141,RAVENSWOOD EVE,No Network
310141,RAVENSWOOD SUM,No Network
910142,RAY EVE,No Network
310142,RAY SUM,No Network
850238,REACH FOR THE STARS - MADISON,No Network
850170,REACH FOR THE STARS CHLDCARE ACAD,No Network
910143,REAVIS EVE,No Network
310143,REAVIS SUM,No Network
800275,REDWOOD,No Network
850171,REFUGEEONE,No Network
910144,REILLY EVE,No Network
310144,REILLY SUM,No Network
910145,REINBERG EVE,No Network
310145,REINBERG SUM,No Network
910146,REVERE EVE,No Network
310146,REVERE SUM,No Network
909682,RICHARDS HS EVE,No Network
309682,RICHARDS HS SUM,No Network
910588,RICHARDSON EVE,No Network
310588,RICHARDSON SUM,No Network
910390,RICKOVER MILITARY HS EVE,No Network
310390,RICKOVER MILITARY HS SUM,No Network
910256,ROBINSON EVE,No Network
310256,ROBINSON SUM,No Network
910147,ROGERS EVE,No Network
310147,ROGERS SUM,No Network
909728,ROOSEVELT HS EVE,No Network
309728,ROOSEVELT HS SUM,No Network
910308,RUDOLPH EVE,No Network
310308,RUDOLPH SUM,No Network
910152,RUGGLES EVE,No Network
310152,RUGGLES SUM,No Network
910125,RUIZ EVE,No Network
310125,RUIZ SUM,No Network
800087,RUSH UNIVERSITY MEDICAL CENTER,No Network
910153,RYDER EVE,No Network
310153,RYDER SUM,No Network
910342,SABIN EVE,No Network
310342,SABIN SUM,No Network
850176,SAL ARMY - NEW HOPE,No Network
850179,SAL ARMY - TEMPLE,No Network
910250,SALAZAR EVE,No Network
310250,SALAZAR SUM,No Network
850177,SALVATION ARMY - RED SHIELD,No Network
850178,SALVATION ARMY - SIMPSON ACADEMY,No Network
910226,SANDOVAL EVE,No Network
310226,SANDOVAL SUM,No Network
910017,SAUCEDO EVE,No Network
310017,SAUCEDO SUM,No Network
910155,SAUGANASH EVE,No Network
310155,SAUGANASH SUM,No Network
910157,SAWYER EVE,No Network
310157,SAWYER SUM,No Network
910158,SAYRE EVE,No Network
310158,SAYRE SUM,No Network
910159,SCAMMON EVE,No Network
310159,SCAMMON SUM,No Network
910178,SCHMID EVE,No Network
310178,SCHMID SUM,No Network
850155,SCHOOL OF ENGLEWOOD,No Network
910165,SCHUBERT EVE,No Network
310165,SCHUBERT SUM,No Network
909729,SCHURZ HS EVE,No Network
309729,SCHURZ HS SUM,No Network
909730,SENN HS EVE,No Network
309730,SENN HS SUM,No Network
850180,SERENDIPITY CHILD CARE,No Network
910167,SEWARD EVE,No Network
310167,SEWARD SUM,No Network
850198,SGA YOUTH AND FAMILY SERVICES,No Network
850220,SGA YOUTH AND FAMILY SERVICES - OLGA JIMENEZ,No Network
850219,SGA YOUTH AND FAMILY SERVICES- SANDRA ROA,No Network
800206,SHANKMAN ORTHOGENIC - INT ES,No Network
800207,SHANKMAN ORTHOGENIC - INT HS,No Network
800053,SHANKMAN ORTHOGENIC DAY - INT ES,No Network
800054,SHANKMAN ORTHOGENIC DAY - INT HS,No Network
910081,SHERIDAN EVE,No Network
310081,SHERIDAN SUM,No Network
910172,SHERMAN EVE,No Network
310172,SHERMAN SUM,No Network
910173,SHERWOOD EVE,No Network
310173,SHERWOOD SUM,No Network
910174,SHIELDS EVE,No Network
910559,SHIELDS MIDDLE EVE,No Network
310559,SHIELDS MIDDLE SUM,No Network
310174,SHIELDS SUM,No Network
850199,SHINING STAR #1,No Network
850200,SHINING STAR #2,No Network
850202,SHINING STAR #4,No Network
850201,SHINING STAR 3,No Network
910175,SHOESMITH EVE,No Network
310175,SHOESMITH SUM,No Network
910176,SHOOP EVE,No Network
310176,SHOOP SUM,No Network
800253,SHRUB OAK SCHOOL ES,No Network
800254,SHRUB OAK SCHOOL HS,No Network
909692,SIMEON HS EVE,No Network
309692,SIMEON HS SUM,No Network
909750,SIMPSON HS EVE,No Network
309750,SIMPSON HS SUM,No Network
850203,SINAI COMMUNITY INSTITUTE,No Network
910177,SKINNER EVE,No Network
910534,SKINNER NORTH EVE,No Network
310534,SKINNER NORTH SUM,No Network
310177,SKINNER SUM,No Network
850228,SMART LEARNING CENTER LLC,No Network
850229,SMART LEARNING EDUCATION CENTER,No Network
909978,SMITH EVE,No Network
309978,SMITH SUM,No Network
910179,SMYSER EVE,No Network
310179,SMYSER SUM,No Network
910180,SMYTH EVE,No Network
310180,SMYTH SUM,No Network
7,SOAR PROGRAM SCHOOL,No Network
800105,SOARING EAGLE - TRANSITION ES,No Network
800106,SOARING EAGLE - TRANSITION HS,No Network
800103,SOARING EAGLE ACADEMY ES,No Network
800104,SOARING EAGLE ACADEMY HS,No Network
910383,SOCIAL JUSTICE HS EVE,No Network
310383,SOCIAL JUSTICE HS SUM,No Network
910182,SOLOMON EVE,No Network
310182,SOLOMON SUM,No Network
910543,SOLORIO HS EVE,No Network
310543,SOLORIO HS SUM,No Network
800051,SONIA SHANKMAN ORTHOGENIC DAY ES,No Network
800052,SONIA SHANKMAN ORTHOGENIC DAY HS,No Network
800204,SONIA SHANKMAN ORTHOGENIC ES,No Network
800205,SONIA SHANKMAN ORTHOGENIC HS,No Network
910589,SOR JUANA EVE,No Network
310589,SOR JUANA SUM,No Network
800013,SOUTH CENTRAL THERAPEUTIC ES,No Network
800014,SOUTH CENTRAL THERAPEUTIC HS,No Network
850235,SOUTH EAST ASIA CENTER - INFANT-TODDLER,No Network
850204,SOUTH EAST ASIA CNTR - BROADWAY,No Network
850234,SOUTH EAST ASIA CNTR - FOSTER,No Network
850233,SOUTH EAST ASIA CNTR AINSLIE,No Network
909990,SOUTH LOOP EVE,No Network
309990,SOUTH LOOP SUM,No Network
910530,SOUTH SHORE ES EVE,No Network
310530,SOUTH SHORE ES SUM,No Network
910547,SOUTH SHORE INTL HS EVE,No Network
310547,SOUTH SHORE INTL HS SUM,No Network
910586,SOUTHEAST EVE,No Network
310586,SOUTHEAST SUM,No Network
909745,SOUTHSIDE HS EVE,No Network
309745,SOUTHSIDE HS SUM,No Network
910183,SPENCER EVE,No Network
310183,SPENCER SUM,No Network
910184,SPRY ES EVE,No Network
310184,SPRY ES SUM,No Network
910357,SPRY HS EVE,No Network
310357,SPRY HS SUM,No Network
910599,ST. CORNELIUS ECE EVE,No Network
310599,ST. CORNELIUS ECE SUM,No Network
850144,ST. VINCENT DEPAUL CENTER,No Network
910339,STAGG EVE,No Network
310339,STAGG SUM,No Network
850127,STAR KIDS MATH AND SCIENCE ACAD,No Network
610522,STATE PRE-K PROG,No Network
910522,STATE PRE-K PROG EVE,No Network
310522,STATE PRE-K PROG SUM,No Network
909732,STEINMETZ HS EVE,No Network
309732,STEINMETZ HS SUM,No Network
910548,STEM EVE,No Network
310548,STEM SUM,No Network
850015,STEPPING STONES EC CENTER,No Network
910185,STEVENSON EVE,No Network
310185,STEVENSON SUM,No Network
910163,STOCK EVE,No Network
310163,STOCK SUM,No Network
910191,STONE EVE,No Network
310191,STONE SUM,No Network
910192,STOWE EVE,No Network
310192,STOWE SUM,No Network
910405,SUDER EVE,No Network
310405,SUDER SUM,No Network
909733,SULLIVAN HS EVE,No Network
309733,SULLIVAN HS SUM,No Network
910194,SUMNER EVE,No Network
310194,SUMNER SUM,No Network
910195,SUTHERLAND EVE,No Network
310195,SUTHERLAND SUM,No Network
800236,SWANN SPECIAL CARE-ELEMENTARY,No Network
800237,SWANN SPECIAL CARE-SECONDARY,No Network
850223,SWEET PEA ACADEMY,No Network
910196,SWIFT EVE,No Network
310196,SWIFT SUM,No Network
909734,TAFT HS EVE,No Network
309734,TAFT HS SUM,No Network
910197,TALCOTT EVE,No Network
310197,TALCOTT SUM,No Network
910249,TALMAN EVE,No Network
310249,TALMAN SUM,No Network
910279,TANNER EVE,No Network
310279,TANNER SUM,No Network
910396,TARKINGTON EVE,No Network
310396,TARKINGTON SUM,No Network
910198,TAYLOR EVE,No Network
310198,TAYLOR SUM,No Network
850097,TEDDY BEAR NURSERY SCHOOL INC I,No Network
850098,TEDDY BEAR NURSERY SCHOOL INC II,No Network
850099,TEDDY BEAR NURSERY SCHOOL INC III,No Network
850100,TEDDY BEAR NURSERY SCHOOL INC V,No Network
850016,TEENY TINY UNIVERSITY,No Network
800265,TELOS,No Network
909921,TELPOCHCALLI EVE,No Network
309921,TELPOCHCALLI SUM,No Network
850051,THE BABY ACADEMY,No Network
800232,THE CAMPHILL SCHOOL ES,No Network
800233,THE CAMPHILL SCHOOL HS,No Network
850230,THE CHILDREN'S GARDEN ACADEMY,No Network
850003,THE CHILDRENS CENTER INC,No Network
850226,THE GIVING TREE,No Network
910504,THOMAS EVE,No Network
310504,THOMAS SUM,No Network
910200,THORP J EVE,No Network
310200,THORP J SUM,No Network
910201,THORP O EVE,No Network
310201,THORP O SUM,No Network
800125,THRESHOLDS-LOREN JUHL HS,No Network
909735,TILDEN HS EVE,No Network
309735,TILDEN HS SUM,No Network
910065,TILL EVE,No Network
310065,TILL SUM,No Network
910202,TILTON EVE,No Network
310202,TILTON SUM,No Network
910203,TONTI EVE,No Network
310203,TONTI SUM,No Network
850205,TRINITY UNITED CHURCH OF CHRIST - BROOKS,No Network
850206,TRINITY UNITED CHURCH OF CHRIST - WRIGHT,No Network
850207,TRUE TO LIFE FOUNDATION COMM GRP,No Network
909773,TUBMAN EVE,No Network
309773,TUBMAN SUM,No Network
850208,TUESDAYS CHILD,No Network
909895,TURNER-DREW EVE,No Network
309895,TURNER-DREW SUM,No Network
910206,TWAIN EVE,No Network
310206,TWAIN SUM,No Network
800024,UCAN Cal Park Therapeutic HS,No Network
800027,UCAN SOUTH ES,No Network
800028,UCAN SOUTH HS,No Network
800015,UCAN THERAPEUTIC ES,No Network
800016,UCAN THERAPEUTIC HS,No Network
910394,UPLIFT HS EVE,No Network
310394,UPLIFT HS SUM,No Network
9,VA EXPANDED ACCESS HS,No Network
300009,VA EXPANDED ACCESS HS SUM,No Network
910207,VANDERPOEL EVE,No Network
310207,VANDERPOEL SUM,No Network
909766,VAUGHN HS EVE,No Network
309766,VAUGHN HS SUM,No Network
909871,VICK EVE,No Network
309871,VICK SUM,No Network
910596,VIRTUAL ACADEMY ES EVE,No Network
310596,VIRTUAL ACADEMY ES SUM,No Network
910597,VIRTUAL ACADEMY HS EVE,No Network
310597,VIRTUAL ACADEMY HS SUM,No Network
910209,VOLTA EVE,No Network
310209,VOLTA SUM,No Network
910039,VON LINNE EVE,No Network
310039,VON LINNE SUM,No Network
909737,VON STEUBEN HS EVE,No Network
309737,VON STEUBEN HS SUM,No Network
910366,WACKER EVE,No Network
310366,WACKER SUM,No Network
910213,WADSWORTH EVE,No Network
310213,WADSWORTH SUM,No Network
910216,WALSH EVE,No Network
310216,WALSH SUM,No Network
800208,WALTER LAWSON CHILDREN'S HOME ES,No Network
800209,WALTER LAWSON CHILDREN'S HOME HS,No Network
910217,WARD J EVE,No Network
310217,WARD J SUM,No Network
910133,WARD L EVE,No Network
310133,WARD L SUM,No Network
910218,WARREN EVE,No Network
310218,WARREN SUM,No Network
910219,WASHINGTON G ES EVE,No Network
310219,WASHINGTON G ES SUM,No Network
910124,WASHINGTON H ES EVE,No Network
310124,WASHINGTON H ES SUM,No Network
909739,WASHINGTON HS EVE,No Network
309739,WASHINGTON HS SUM,No Network
910220,WATERS EVE,No Network
310220,WATERS SUM,No Network
910221,WEBSTER EVE,No Network
310221,WEBSTER SUM,No Network
800228,WEDIKO SCHOOL - INTENSIVE ES,No Network
800229,WEDIKO SCHOOL - INTENSIVE HS,No Network
800226,WEDIKO SCHOOL ES,No Network
800227,WEDIKO SCHOOL HS,No Network
910110,WELLS ES EVE,No Network
310110,WELLS ES SUM,No Network
909740,WELLS HS EVE,No Network
309740,WELLS HS SUM,No Network
910223,WENTWORTH EVE,No Network
310223,WENTWORTH SUM,No Network
910100,WEST PARK EVE,No Network
310100,WEST PARK SUM,No Network
910542,WEST RIDGE EVE,No Network
310542,WEST RIDGE SUM,No Network
910300,WESTCOTT EVE,No Network
310300,WESTCOTT SUM,No Network
909693,WESTINGHOUSE HS EVE,No Network
309693,WESTINGHOUSE HS SUM,No Network
910225,WHISTLER EVE,No Network
310225,WHISTLER SUM,No Network
910315,WHITE EVE,No Network
310315,WHITE SUM,No Network
910227,WHITNEY EVE,No Network
310227,WHITNEY SUM,No Network
910228,WHITTIER EVE,No Network
310228,WHITTIER SUM,No Network
850209,WHIZ KIDS NURSERY CENTER INC,No Network
910230,WILDWOOD EVE,No Network
310230,WILDWOOD SUM,No Network
910380,WILLIAMS HS EVE,No Network
310380,WILLIAMS HS SUM,No Network
909977,WOODLAWN EVE,No Network
309977,WOODLAWN SUM,No Network
910345,WOODSON EVE,No Network
310345,WOODSON SUM,No Network
910392,WORLD LANGUAGE HS EVE,No Network
310392,WORLD LANGUAGE HS SUM,No Network
910234,YATES EVE,No Network
310234,YATES SUM,No Network
850211,YMCA - EARLY LRNING DEMSTION CTR,No Network
850210,YMCA - EFFIE O ELLIS,No Network
850212,YMCA - GARFIELD PRESCHOOL,No Network
850213,YMCA - JEANNE KENNEY,No Network
850225,YMCA - MCCORMICK TRIBUNE PREK,No Network
850215,YMCA - NORTH LAWNDALE PRESCHOO,No Network
850216,YMCA - RAUNER FAMILY,No Network
850217,YMCA - SOUTH SIDE,No Network
850214,YMCA MARSHALL INFANT - TODDLER CENTER,No Network
909748,YORK HS EVE,No Network
309748,YORK HS SUM,No Network
850218,YOUNG ACHIEVERS ACADEMY INC,No Network
910235,YOUNG ES EVE,No Network
310235,YOUNG ES SUM,No Network
909755,YOUNG HS EVE,No Network
309755,YOUNG HS SUM,No Network
850101,YOUNG SCHOLARS DEV INSTITUTE,No Network
909973,ZAPATA EVE,No Network
309973,ZAPATA SUM,No Network
400147,CHICAGO EXCEL HS,Options
610565,EXCEL ENGLEWOOD HS,Options
400175,EXCEL SOUTH SHORE HS,Options
400176,EXCEL SOUTHWEST HS,Options
400164,INSTITUTO - JUSTICE HS,Options
609783,JEFFERSON HS,Options
610569,OMBUDSMAN - NORTHWEST HS,Options
610593,OMBUDSMAN - ROSELAND HS,Options
610570,OMBUDSMAN - SOUTH HS,Options
610571,OMBUDSMAN - WEST HS,Options
610557,PATHWAYS - ASHBURN HS,Options
610568,PATHWAYS - AVONDALE HS,Options
400173,PATHWAYS - BRIGHTON PARK HS,Options
610594,PATHWAYS - HUMBOLDT PARK HS,Options
610386,PEACE AND EDUCATION HS,Options
610572,SAFE ACHIEVE ES,Options
610573,SAFE ACHIEVE HS,Options
610601,SAFE ACHIEVE WEST HS,Options
609750,SIMPSON HS,Options
400125,YCCS - ASPIRA PANTOJA,Options
400126,YCCS - ASSOCIATION HOUSE,Options
400131,YCCS - CAMPOS,Options
400128,YCCS - CCA ACADEMY,Options
400150,YCCS - CHATHAM,Options
400133,YCCS - INNOVATIONS,Options
400135,YCCS - LATINO YOUTH,Options
400124,YCCS - MCKINLEY,Options
400136,YCCS - OLIVE HARVEY,Options
400129,YCCS - PROGRESSIVE LEADERSHIP,Options
400123,YCCS - SCHOLASTIC ACHIEVEMENT,Options
400139,YCCS - SULLIVAN,Options
400141,YCCS - TRUMAN,Options
400144,YCCS - WEST,Options
400143,YCCS - WEST TOWN,Options
400145,YCCS - YOUTH CONNECTION,Options
400130,YCCS - YOUTH DEVELOPMENT,Options
609748,YORK HS,Options
5,TASSEL PROGRAM SCHOOL,TASSEL
